== BASELINE start: 2026-09-18 11:48:53 PST

         /\      Grafana   /‾‾/  
    /\  /  \     |\  __   /  /   
   /  \/    \    | |/ /  /   ‾‾\ 
  /          \   |   (  |  (‾)  |
 / __________ \  |_|\_\  \_____/ 


     execution: local
        script: tests/k6/runs/baseline.js
        output: json (C:/Users/Admin/Desktop/FAST/Duplicates/CrimeLens-main/Plans/phase-16-k6-final/results/baseline-comparison/raw/baseline-results.json)

     scenarios: (100.00%) 3 scenarios, 115 max VUs, 16m30s max duration (incl. graceful stop):
              * auth_traffic: 10 looping VUs for 10m0s (exec: authTraffic, gracefulStop: 30s)
              * public_traffic: Up to 100 looping VUs for 16m0s over 5 stages (gracefulRampDown: 30s, exec: publicTraffic, gracefulStop: 30s)
              * write_traffic: 5 looping VUs for 10m0s (exec: writeTraffic, gracefulStop: 30s)

time="2026-09-18T11:48:53+05:00" level=info msg="Setting up baseline test..." source=console

Run              [ 100% ] setup()
auth_traffic     [   0% ]
public_traffic   [   0% ]
write_traffic    [   0% ]

Run              [ 100% ] setup()
auth_traffic     [   0% ]
public_traffic   [   0% ]
write_traffic    [   0% ]

Run              [ 100% ] setup()
auth_traffic     [   0% ]
public_traffic   [   0% ]
write_traffic    [   0% ]

Run              [ 100% ] setup()
auth_traffic     [   0% ]
public_traffic   [   0% ]
write_traffic    [   0% ]

Run              [ 100% ] setup()
auth_traffic     [   0% ]
public_traffic   [   0% ]
write_traffic    [   0% ]

Run              [ 100% ] setup()
auth_traffic     [   0% ]
public_traffic   [   0% ]
write_traffic    [   0% ]

running (00m06.9s), 015/115 VUs, 0 complete and 0 interrupted iterations
auth_traffic     [   0% ] 10 VUs       00m00.3s/10m0s
public_traffic   [   0% ] 000/100 VUs  00m00.3s/16m00.0s
write_traffic    [   0% ] 5 VUs        00m00.3s/10m0s

running (00m07.9s), 015/115 VUs, 0 complete and 0 interrupted iterations
auth_traffic     [   0% ] 10 VUs       00m01.3s/10m0s
public_traffic   [   0% ] 000/100 VUs  00m01.3s/16m00.0s
write_traffic    [   0% ] 5 VUs        00m01.3s/10m0s

running (00m08.9s), 015/115 VUs, 0 complete and 0 interrupted iterations
auth_traffic     [   0% ] 10 VUs       00m02.3s/10m0s
public_traffic   [   0% ] 000/100 VUs  00m02.3s/16m00.0s
write_traffic    [   0% ] 5 VUs        00m02.3s/10m0s

running (00m09.9s), 016/115 VUs, 1 complete and 0 interrupted iterations
auth_traffic     [   1% ] 10 VUs       00m03.3s/10m0s
public_traffic   [   0% ] 001/100 VUs  00m03.3s/16m00.0s
write_traffic    [   1% ] 5 VUs        00m03.3s/10m0s

running (00m10.9s), 016/115 VUs, 3 complete and 0 interrupted iterations
auth_traffic     [   1% ] 10 VUs       00m04.4s/10m0s
public_traffic   [   0% ] 001/100 VUs  00m04.4s/16m00.0s
write_traffic    [   1% ] 5 VUs        00m04.4s/10m0s

running (00m11.9s), 017/115 VUs, 3 complete and 0 interrupted iterations
auth_traffic     [   1% ] 10 VUs       00m05.3s/10m0s
public_traffic   [   1% ] 002/100 VUs  00m05.3s/16m00.0s
write_traffic    [   1% ] 5 VUs        00m05.3s/10m0s

running (00m12.9s), 017/115 VUs, 6 complete and 0 interrupted iterations
auth_traffic     [   1% ] 10 VUs       00m06.3s/10m0s
public_traffic   [   1% ] 002/100 VUs  00m06.3s/16m00.0s
write_traffic    [   1% ] 5 VUs        00m06.3s/10m0s

running (00m13.9s), 018/115 VUs, 8 complete and 0 interrupted iterations
auth_traffic     [   1% ] 10 VUs       00m07.3s/10m0s
public_traffic   [   1% ] 003/100 VUs  00m07.3s/16m00.0s
write_traffic    [   1% ] 5 VUs        00m07.3s/10m0s

running (00m14.9s), 018/115 VUs, 12 complete and 0 interrupted iterations
auth_traffic     [   1% ] 10 VUs       00m08.3s/10m0s
public_traffic   [   1% ] 003/100 VUs  00m08.3s/16m00.0s
write_traffic    [   1% ] 5 VUs        00m08.3s/10m0s

running (00m15.9s), 018/115 VUs, 13 complete and 0 interrupted iterations
auth_traffic     [   2% ] 10 VUs       00m09.3s/10m0s
public_traffic   [   1% ] 003/100 VUs  00m09.3s/16m00.0s
write_traffic    [   2% ] 5 VUs        00m09.3s/10m0s

running (00m16.9s), 019/115 VUs, 17 complete and 0 interrupted iterations
auth_traffic     [   2% ] 10 VUs       00m10.3s/10m0s
public_traffic   [   1% ] 004/100 VUs  00m10.3s/16m00.0s
write_traffic    [   2% ] 5 VUs        00m10.3s/10m0s

running (00m17.9s), 019/115 VUs, 20 complete and 0 interrupted iterations
auth_traffic     [   2% ] 10 VUs       00m11.3s/10m0s
public_traffic   [   1% ] 004/100 VUs  00m11.3s/16m00.0s
write_traffic    [   2% ] 5 VUs        00m11.3s/10m0s

running (00m18.9s), 020/115 VUs, 21 complete and 0 interrupted iterations
auth_traffic     [   2% ] 10 VUs       00m12.3s/10m0s
public_traffic   [   1% ] 005/100 VUs  00m12.3s/16m00.0s
write_traffic    [   2% ] 5 VUs        00m12.3s/10m0s

running (00m19.9s), 020/115 VUs, 26 complete and 0 interrupted iterations
auth_traffic     [   2% ] 10 VUs       00m13.4s/10m0s
public_traffic   [   1% ] 005/100 VUs  00m13.4s/16m00.0s
write_traffic    [   2% ] 5 VUs        00m13.4s/10m0s

running (00m20.9s), 020/115 VUs, 28 complete and 0 interrupted iterations
auth_traffic     [   2% ] 10 VUs       00m14.3s/10m0s
public_traffic   [   1% ] 005/100 VUs  00m14.3s/16m00.0s
write_traffic    [   2% ] 5 VUs        00m14.3s/10m0s

running (00m21.9s), 021/115 VUs, 29 complete and 0 interrupted iterations
auth_traffic     [   3% ] 10 VUs       00m15.3s/10m0s
public_traffic   [   2% ] 006/100 VUs  00m15.3s/16m00.0s
write_traffic    [   3% ] 5 VUs        00m15.3s/10m0s

running (00m22.9s), 021/115 VUs, 31 complete and 0 interrupted iterations
auth_traffic     [   3% ] 10 VUs       00m16.3s/10m0s
public_traffic   [   2% ] 006/100 VUs  00m16.3s/16m00.0s
write_traffic    [   3% ] 5 VUs        00m16.3s/10m0s

running (00m23.9s), 022/115 VUs, 37 complete and 0 interrupted iterations
auth_traffic     [   3% ] 10 VUs       00m17.3s/10m0s
public_traffic   [   2% ] 007/100 VUs  00m17.3s/16m00.0s
write_traffic    [   3% ] 5 VUs        00m17.3s/10m0s

running (00m24.9s), 022/115 VUs, 40 complete and 0 interrupted iterations
auth_traffic     [   3% ] 10 VUs       00m18.3s/10m0s
public_traffic   [   2% ] 007/100 VUs  00m18.3s/16m00.0s
write_traffic    [   3% ] 5 VUs        00m18.3s/10m0s

running (00m25.9s), 023/115 VUs, 45 complete and 0 interrupted iterations
auth_traffic     [   3% ] 10 VUs       00m19.3s/10m0s
public_traffic   [   2% ] 008/100 VUs  00m19.3s/16m00.0s
write_traffic    [   3% ] 5 VUs        00m19.3s/10m0s

running (00m26.9s), 023/115 VUs, 48 complete and 0 interrupted iterations
auth_traffic     [   3% ] 10 VUs       00m20.3s/10m0s
public_traffic   [   2% ] 008/100 VUs  00m20.3s/16m00.0s
write_traffic    [   3% ] 5 VUs        00m20.3s/10m0s

running (00m27.9s), 023/115 VUs, 48 complete and 0 interrupted iterations
auth_traffic     [   4% ] 10 VUs       00m21.3s/10m0s
public_traffic   [   2% ] 008/100 VUs  00m21.3s/16m00.0s
write_traffic    [   4% ] 5 VUs        00m21.3s/10m0s

running (00m28.9s), 024/115 VUs, 51 complete and 0 interrupted iterations
auth_traffic     [   4% ] 10 VUs       00m22.3s/10m0s
public_traffic   [   2% ] 009/100 VUs  00m22.3s/16m00.0s
write_traffic    [   4% ] 5 VUs        00m22.3s/10m0s

running (00m29.9s), 024/115 VUs, 53 complete and 0 interrupted iterations
auth_traffic     [   4% ] 10 VUs       00m23.3s/10m0s
public_traffic   [   2% ] 009/100 VUs  00m23.3s/16m00.0s
write_traffic    [   4% ] 5 VUs        00m23.3s/10m0s

running (00m30.9s), 025/115 VUs, 60 complete and 0 interrupted iterations
auth_traffic     [   4% ] 10 VUs       00m24.3s/10m0s
public_traffic   [   3% ] 010/100 VUs  00m24.3s/16m00.0s
write_traffic    [   4% ] 5 VUs        00m24.3s/10m0s

running (00m31.9s), 025/115 VUs, 61 complete and 0 interrupted iterations
auth_traffic     [   4% ] 10 VUs       00m25.3s/10m0s
public_traffic   [   3% ] 010/100 VUs  00m25.3s/16m00.0s
write_traffic    [   4% ] 5 VUs        00m25.3s/10m0s

running (00m32.9s), 025/115 VUs, 61 complete and 0 interrupted iterations
auth_traffic     [   4% ] 10 VUs       00m26.3s/10m0s
public_traffic   [   3% ] 010/100 VUs  00m26.3s/16m00.0s
write_traffic    [   4% ] 5 VUs        00m26.3s/10m0s

running (00m33.9s), 026/115 VUs, 65 complete and 0 interrupted iterations
auth_traffic     [   5% ] 10 VUs       00m27.3s/10m0s
public_traffic   [   3% ] 011/100 VUs  00m27.3s/16m00.0s
write_traffic    [   5% ] 5 VUs        00m27.3s/10m0s

running (00m34.9s), 026/115 VUs, 67 complete and 0 interrupted iterations
auth_traffic     [   5% ] 10 VUs       00m28.3s/10m0s
public_traffic   [   3% ] 011/100 VUs  00m28.3s/16m00.0s
write_traffic    [   5% ] 5 VUs        00m28.3s/10m0s

running (00m35.9s), 027/115 VUs, 72 complete and 0 interrupted iterations
auth_traffic     [   5% ] 10 VUs       00m29.3s/10m0s
public_traffic   [   3% ] 012/100 VUs  00m29.3s/16m00.0s
write_traffic    [   5% ] 5 VUs        00m29.3s/10m0s

running (00m36.9s), 027/115 VUs, 75 complete and 0 interrupted iterations
auth_traffic     [   5% ] 10 VUs       00m30.3s/10m0s
public_traffic   [   3% ] 012/100 VUs  00m30.3s/16m00.0s
write_traffic    [   5% ] 5 VUs        00m30.3s/10m0s

running (00m37.9s), 028/115 VUs, 78 complete and 0 interrupted iterations
auth_traffic     [   5% ] 10 VUs       00m31.3s/10m0s
public_traffic   [   3% ] 013/100 VUs  00m31.3s/16m00.0s
write_traffic    [   5% ] 5 VUs        00m31.3s/10m0s

running (00m38.9s), 028/115 VUs, 85 complete and 0 interrupted iterations
auth_traffic     [   5% ] 10 VUs       00m32.3s/10m0s
public_traffic   [   3% ] 013/100 VUs  00m32.3s/16m00.0s
write_traffic    [   5% ] 5 VUs        00m32.3s/10m0s

running (00m39.9s), 028/115 VUs, 86 complete and 0 interrupted iterations
auth_traffic     [   6% ] 10 VUs       00m33.3s/10m0s
public_traffic   [   3% ] 013/100 VUs  00m33.3s/16m00.0s
write_traffic    [   6% ] 5 VUs        00m33.3s/10m0s

running (00m40.9s), 029/115 VUs, 91 complete and 0 interrupted iterations
auth_traffic     [   6% ] 10 VUs       00m34.3s/10m0s
public_traffic   [   4% ] 014/100 VUs  00m34.3s/16m00.0s
write_traffic    [   6% ] 5 VUs        00m34.3s/10m0s

running (00m41.9s), 029/115 VUs, 96 complete and 0 interrupted iterations
auth_traffic     [   6% ] 10 VUs       00m35.3s/10m0s
public_traffic   [   4% ] 014/100 VUs  00m35.3s/16m00.0s
write_traffic    [   6% ] 5 VUs        00m35.3s/10m0s

running (00m42.9s), 030/115 VUs, 100 complete and 0 interrupted iterations
auth_traffic     [   6% ] 10 VUs       00m36.3s/10m0s
public_traffic   [   4% ] 015/100 VUs  00m36.3s/16m00.0s
write_traffic    [   6% ] 5 VUs        00m36.3s/10m0s

running (00m43.9s), 030/115 VUs, 102 complete and 0 interrupted iterations
auth_traffic     [   6% ] 10 VUs       00m37.3s/10m0s
public_traffic   [   4% ] 015/100 VUs  00m37.3s/16m00.0s
write_traffic    [   6% ] 5 VUs        00m37.3s/10m0s

running (00m44.9s), 030/115 VUs, 107 complete and 0 interrupted iterations
auth_traffic     [   6% ] 10 VUs       00m38.3s/10m0s
public_traffic   [   4% ] 015/100 VUs  00m38.3s/16m00.0s
write_traffic    [   6% ] 5 VUs        00m38.3s/10m0s

running (00m45.9s), 031/115 VUs, 108 complete and 0 interrupted iterations
auth_traffic     [   7% ] 10 VUs       00m39.3s/10m0s
public_traffic   [   4% ] 016/100 VUs  00m39.3s/16m00.0s
write_traffic    [   7% ] 5 VUs        00m39.3s/10m0s

running (00m46.9s), 031/115 VUs, 111 complete and 0 interrupted iterations
auth_traffic     [   7% ] 10 VUs       00m40.3s/10m0s
public_traffic   [   4% ] 016/100 VUs  00m40.3s/16m00.0s
write_traffic    [   7% ] 5 VUs        00m40.3s/10m0s

running (00m47.9s), 032/115 VUs, 118 complete and 0 interrupted iterations
auth_traffic     [   7% ] 10 VUs       00m41.3s/10m0s
public_traffic   [   4% ] 017/100 VUs  00m41.3s/16m00.0s
write_traffic    [   7% ] 5 VUs        00m41.3s/10m0s

running (00m48.9s), 032/115 VUs, 122 complete and 0 interrupted iterations
auth_traffic     [   7% ] 10 VUs       00m42.3s/10m0s
public_traffic   [   4% ] 017/100 VUs  00m42.3s/16m00.0s
write_traffic    [   7% ] 5 VUs        00m42.3s/10m0s

running (00m49.9s), 033/115 VUs, 127 complete and 0 interrupted iterations
auth_traffic     [   7% ] 10 VUs       00m43.3s/10m0s
public_traffic   [   5% ] 018/100 VUs  00m43.3s/16m00.0s
write_traffic    [   7% ] 5 VUs        00m43.3s/10m0s

running (00m50.9s), 033/115 VUs, 130 complete and 0 interrupted iterations
auth_traffic     [   7% ] 10 VUs       00m44.3s/10m0s
public_traffic   [   5% ] 018/100 VUs  00m44.3s/16m00.0s
write_traffic    [   7% ] 5 VUs        00m44.3s/10m0s

running (00m51.9s), 033/115 VUs, 134 complete and 0 interrupted iterations
auth_traffic     [   8% ] 10 VUs       00m45.3s/10m0s
public_traffic   [   5% ] 018/100 VUs  00m45.3s/16m00.0s
write_traffic    [   8% ] 5 VUs        00m45.3s/10m0s

running (00m52.9s), 034/115 VUs, 140 complete and 0 interrupted iterations
auth_traffic     [   8% ] 10 VUs       00m46.3s/10m0s
public_traffic   [   5% ] 019/100 VUs  00m46.3s/16m00.0s
write_traffic    [   8% ] 5 VUs        00m46.3s/10m0s

running (00m53.9s), 034/115 VUs, 143 complete and 0 interrupted iterations
auth_traffic     [   8% ] 10 VUs       00m47.3s/10m0s
public_traffic   [   5% ] 019/100 VUs  00m47.3s/16m00.0s
write_traffic    [   8% ] 5 VUs        00m47.3s/10m0s

running (00m54.9s), 035/115 VUs, 148 complete and 0 interrupted iterations
auth_traffic     [   8% ] 10 VUs       00m48.3s/10m0s
public_traffic   [   5% ] 020/100 VUs  00m48.3s/16m00.0s
write_traffic    [   8% ] 5 VUs        00m48.3s/10m0s

running (00m55.9s), 035/115 VUs, 148 complete and 0 interrupted iterations
auth_traffic     [   8% ] 10 VUs       00m49.3s/10m0s
public_traffic   [   5% ] 020/100 VUs  00m49.3s/16m00.0s
write_traffic    [   8% ] 5 VUs        00m49.3s/10m0s

running (00m56.9s), 035/115 VUs, 156 complete and 0 interrupted iterations
auth_traffic     [   8% ] 10 VUs       00m50.3s/10m0s
public_traffic   [   5% ] 020/100 VUs  00m50.3s/16m00.0s
write_traffic    [   8% ] 5 VUs        00m50.3s/10m0s

running (00m57.9s), 036/115 VUs, 165 complete and 0 interrupted iterations
auth_traffic     [   9% ] 10 VUs       00m51.3s/10m0s
public_traffic   [   5% ] 021/100 VUs  00m51.3s/16m00.0s
write_traffic    [   9% ] 5 VUs        00m51.3s/10m0s

running (00m58.9s), 036/115 VUs, 171 complete and 0 interrupted iterations
auth_traffic     [   9% ] 10 VUs       00m52.3s/10m0s
public_traffic   [   5% ] 021/100 VUs  00m52.3s/16m00.0s
write_traffic    [   9% ] 5 VUs        00m52.3s/10m0s

running (00m59.9s), 037/115 VUs, 172 complete and 0 interrupted iterations
auth_traffic     [   9% ] 10 VUs       00m53.3s/10m0s
public_traffic   [   6% ] 022/100 VUs  00m53.3s/16m00.0s
write_traffic    [   9% ] 5 VUs        00m53.3s/10m0s

running (01m00.9s), 037/115 VUs, 175 complete and 0 interrupted iterations
auth_traffic     [   9% ] 10 VUs       00m54.3s/10m0s
public_traffic   [   6% ] 022/100 VUs  00m54.3s/16m00.0s
write_traffic    [   9% ] 5 VUs        00m54.3s/10m0s

running (01m01.9s), 038/115 VUs, 182 complete and 0 interrupted iterations
auth_traffic     [   9% ] 10 VUs       00m55.3s/10m0s
public_traffic   [   6% ] 023/100 VUs  00m55.3s/16m00.0s
write_traffic    [   9% ] 5 VUs        00m55.3s/10m0s

running (01m02.9s), 038/115 VUs, 184 complete and 0 interrupted iterations
auth_traffic     [   9% ] 10 VUs       00m56.3s/10m0s
public_traffic   [   6% ] 023/100 VUs  00m56.3s/16m00.0s
write_traffic    [   9% ] 5 VUs        00m56.3s/10m0s

running (01m03.9s), 038/115 VUs, 191 complete and 0 interrupted iterations
auth_traffic     [  10% ] 10 VUs       00m57.3s/10m0s
public_traffic   [   6% ] 023/100 VUs  00m57.3s/16m00.0s
write_traffic    [  10% ] 5 VUs        00m57.3s/10m0s

running (01m04.9s), 039/115 VUs, 197 complete and 0 interrupted iterations
auth_traffic     [  10% ] 10 VUs       00m58.3s/10m0s
public_traffic   [   6% ] 024/100 VUs  00m58.3s/16m00.0s
write_traffic    [  10% ] 5 VUs        00m58.3s/10m0s

running (01m05.9s), 039/115 VUs, 205 complete and 0 interrupted iterations
auth_traffic     [  10% ] 10 VUs       00m59.3s/10m0s
public_traffic   [   6% ] 024/100 VUs  00m59.3s/16m00.0s
write_traffic    [  10% ] 5 VUs        00m59.3s/10m0s

running (01m06.9s), 040/115 VUs, 211 complete and 0 interrupted iterations
auth_traffic     [  10% ] 10 VUs       01m00.3s/10m0s
public_traffic   [   6% ] 025/100 VUs  01m00.3s/16m00.0s
write_traffic    [  10% ] 5 VUs        01m00.3s/10m0s

running (01m07.9s), 040/115 VUs, 214 complete and 0 interrupted iterations
auth_traffic     [  10% ] 10 VUs       01m01.3s/10m0s
public_traffic   [   6% ] 025/100 VUs  01m01.3s/16m00.0s
write_traffic    [  10% ] 5 VUs        01m01.3s/10m0s

running (01m08.9s), 040/115 VUs, 219 complete and 0 interrupted iterations
auth_traffic     [  10% ] 10 VUs       01m02.3s/10m0s
public_traffic   [   6% ] 025/100 VUs  01m02.3s/16m00.0s
write_traffic    [  10% ] 5 VUs        01m02.3s/10m0s

running (01m09.9s), 041/115 VUs, 223 complete and 0 interrupted iterations
auth_traffic     [  11% ] 10 VUs       01m03.3s/10m0s
public_traffic   [   7% ] 026/100 VUs  01m03.3s/16m00.0s
write_traffic    [  11% ] 5 VUs        01m03.3s/10m0s

running (01m10.9s), 041/115 VUs, 228 complete and 0 interrupted iterations
auth_traffic     [  11% ] 10 VUs       01m04.3s/10m0s
public_traffic   [   7% ] 026/100 VUs  01m04.3s/16m00.0s
write_traffic    [  11% ] 5 VUs        01m04.3s/10m0s

running (01m11.9s), 042/115 VUs, 234 complete and 0 interrupted iterations
auth_traffic     [  11% ] 10 VUs       01m05.3s/10m0s
public_traffic   [   7% ] 027/100 VUs  01m05.3s/16m00.0s
write_traffic    [  11% ] 5 VUs        01m05.3s/10m0s

running (01m12.9s), 042/115 VUs, 236 complete and 0 interrupted iterations
auth_traffic     [  11% ] 10 VUs       01m06.3s/10m0s
public_traffic   [   7% ] 027/100 VUs  01m06.3s/16m00.0s
write_traffic    [  11% ] 5 VUs        01m06.3s/10m0s

running (01m13.9s), 043/115 VUs, 243 complete and 0 interrupted iterations
auth_traffic     [  11% ] 10 VUs       01m07.3s/10m0s
public_traffic   [   7% ] 028/100 VUs  01m07.3s/16m00.0s
write_traffic    [  11% ] 5 VUs        01m07.3s/10m0s

running (01m14.9s), 043/115 VUs, 255 complete and 0 interrupted iterations
auth_traffic     [  11% ] 10 VUs       01m08.3s/10m0s
public_traffic   [   7% ] 028/100 VUs  01m08.3s/16m00.0s
write_traffic    [  11% ] 5 VUs        01m08.3s/10m0s

running (01m15.9s), 043/115 VUs, 260 complete and 0 interrupted iterations
auth_traffic     [  12% ] 10 VUs       01m09.3s/10m0s
public_traffic   [   7% ] 028/100 VUs  01m09.3s/16m00.0s
write_traffic    [  12% ] 5 VUs        01m09.3s/10m0s

running (01m16.9s), 044/115 VUs, 263 complete and 0 interrupted iterations
auth_traffic     [  12% ] 10 VUs       01m10.3s/10m0s
public_traffic   [   7% ] 029/100 VUs  01m10.3s/16m00.0s
write_traffic    [  12% ] 5 VUs        01m10.3s/10m0s

running (01m17.9s), 044/115 VUs, 268 complete and 0 interrupted iterations
auth_traffic     [  12% ] 10 VUs       01m11.3s/10m0s
public_traffic   [   7% ] 029/100 VUs  01m11.3s/16m00.0s
write_traffic    [  12% ] 5 VUs        01m11.3s/10m0s

running (01m18.9s), 045/115 VUs, 274 complete and 0 interrupted iterations
auth_traffic     [  12% ] 10 VUs       01m12.3s/10m0s
public_traffic   [   8% ] 030/100 VUs  01m12.3s/16m00.0s
write_traffic    [  12% ] 5 VUs        01m12.3s/10m0s

running (01m19.9s), 045/115 VUs, 278 complete and 0 interrupted iterations
auth_traffic     [  12% ] 10 VUs       01m13.3s/10m0s
public_traffic   [   8% ] 030/100 VUs  01m13.3s/16m00.0s
write_traffic    [  12% ] 5 VUs        01m13.3s/10m0s

running (01m20.9s), 045/115 VUs, 286 complete and 0 interrupted iterations
auth_traffic     [  12% ] 10 VUs       01m14.3s/10m0s
public_traffic   [   8% ] 030/100 VUs  01m14.3s/16m00.0s
write_traffic    [  12% ] 5 VUs        01m14.3s/10m0s

running (01m21.9s), 046/115 VUs, 293 complete and 0 interrupted iterations
auth_traffic     [  13% ] 10 VUs       01m15.3s/10m0s
public_traffic   [   8% ] 031/100 VUs  01m15.3s/16m00.0s
write_traffic    [  13% ] 5 VUs        01m15.3s/10m0s

running (01m22.9s), 046/115 VUs, 299 complete and 0 interrupted iterations
auth_traffic     [  13% ] 10 VUs       01m16.3s/10m0s
public_traffic   [   8% ] 031/100 VUs  01m16.3s/16m00.0s
write_traffic    [  13% ] 5 VUs        01m16.3s/10m0s

running (01m23.9s), 047/115 VUs, 304 complete and 0 interrupted iterations
auth_traffic     [  13% ] 10 VUs       01m17.3s/10m0s
public_traffic   [   8% ] 032/100 VUs  01m17.3s/16m00.0s
write_traffic    [  13% ] 5 VUs        01m17.3s/10m0s

running (01m24.9s), 047/115 VUs, 308 complete and 0 interrupted iterations
auth_traffic     [  13% ] 10 VUs       01m18.3s/10m0s
public_traffic   [   8% ] 032/100 VUs  01m18.3s/16m00.0s
write_traffic    [  13% ] 5 VUs        01m18.3s/10m0s

running (01m25.9s), 048/115 VUs, 315 complete and 0 interrupted iterations
auth_traffic     [  13% ] 10 VUs       01m19.3s/10m0s
public_traffic   [   8% ] 033/100 VUs  01m19.3s/16m00.0s
write_traffic    [  13% ] 5 VUs        01m19.3s/10m0s

running (01m26.9s), 048/115 VUs, 321 complete and 0 interrupted iterations
auth_traffic     [  13% ] 10 VUs       01m20.3s/10m0s
public_traffic   [   8% ] 033/100 VUs  01m20.3s/16m00.0s
write_traffic    [  13% ] 5 VUs        01m20.3s/10m0s

running (01m27.9s), 048/115 VUs, 329 complete and 0 interrupted iterations
auth_traffic     [  14% ] 10 VUs       01m21.3s/10m0s
public_traffic   [   8% ] 033/100 VUs  01m21.3s/16m00.0s
write_traffic    [  14% ] 5 VUs        01m21.3s/10m0s

running (01m28.9s), 049/115 VUs, 334 complete and 0 interrupted iterations
auth_traffic     [  14% ] 10 VUs       01m22.3s/10m0s
public_traffic   [   9% ] 034/100 VUs  01m22.3s/16m00.0s
write_traffic    [  14% ] 5 VUs        01m22.3s/10m0s

running (01m29.9s), 049/115 VUs, 341 complete and 0 interrupted iterations
auth_traffic     [  14% ] 10 VUs       01m23.3s/10m0s
public_traffic   [   9% ] 034/100 VUs  01m23.3s/16m00.0s
write_traffic    [  14% ] 5 VUs        01m23.3s/10m0s

running (01m30.9s), 050/115 VUs, 347 complete and 0 interrupted iterations
auth_traffic     [  14% ] 10 VUs       01m24.3s/10m0s
public_traffic   [   9% ] 035/100 VUs  01m24.3s/16m00.0s
write_traffic    [  14% ] 5 VUs        01m24.3s/10m0s

running (01m31.9s), 050/115 VUs, 356 complete and 0 interrupted iterations
auth_traffic     [  14% ] 10 VUs       01m25.3s/10m0s
public_traffic   [   9% ] 035/100 VUs  01m25.3s/16m00.0s
write_traffic    [  14% ] 5 VUs        01m25.3s/10m0s

running (01m32.9s), 050/115 VUs, 360 complete and 0 interrupted iterations
auth_traffic     [  14% ] 10 VUs       01m26.3s/10m0s
public_traffic   [   9% ] 035/100 VUs  01m26.3s/16m00.0s
write_traffic    [  14% ] 5 VUs        01m26.3s/10m0s

running (01m33.9s), 051/115 VUs, 364 complete and 0 interrupted iterations
auth_traffic     [  15% ] 10 VUs       01m27.3s/10m0s
public_traffic   [   9% ] 036/100 VUs  01m27.3s/16m00.0s
write_traffic    [  15% ] 5 VUs        01m27.3s/10m0s

running (01m34.9s), 051/115 VUs, 366 complete and 0 interrupted iterations
auth_traffic     [  15% ] 10 VUs       01m28.3s/10m0s
public_traffic   [   9% ] 036/100 VUs  01m28.3s/16m00.0s
write_traffic    [  15% ] 5 VUs        01m28.3s/10m0s

running (01m35.9s), 052/115 VUs, 376 complete and 0 interrupted iterations
auth_traffic     [  15% ] 10 VUs       01m29.3s/10m0s
public_traffic   [   9% ] 037/100 VUs  01m29.3s/16m00.0s
write_traffic    [  15% ] 5 VUs        01m29.3s/10m0s

running (01m36.9s), 052/115 VUs, 386 complete and 0 interrupted iterations
auth_traffic     [  15% ] 10 VUs       01m30.3s/10m0s
public_traffic   [   9% ] 037/100 VUs  01m30.3s/16m00.0s
write_traffic    [  15% ] 5 VUs        01m30.3s/10m0s

running (01m37.9s), 053/115 VUs, 390 complete and 0 interrupted iterations
auth_traffic     [  15% ] 10 VUs       01m31.3s/10m0s
public_traffic   [  10% ] 038/100 VUs  01m31.3s/16m00.0s
write_traffic    [  15% ] 5 VUs        01m31.3s/10m0s

running (01m38.9s), 053/115 VUs, 398 complete and 0 interrupted iterations
auth_traffic     [  15% ] 10 VUs       01m32.3s/10m0s
public_traffic   [  10% ] 038/100 VUs  01m32.3s/16m00.0s
write_traffic    [  15% ] 5 VUs        01m32.3s/10m0s

running (01m39.9s), 053/115 VUs, 411 complete and 0 interrupted iterations
auth_traffic     [  16% ] 10 VUs       01m33.3s/10m0s
public_traffic   [  10% ] 038/100 VUs  01m33.3s/16m00.0s
write_traffic    [  16% ] 5 VUs        01m33.3s/10m0s

running (01m40.9s), 054/115 VUs, 413 complete and 0 interrupted iterations
auth_traffic     [  16% ] 10 VUs       01m34.3s/10m0s
public_traffic   [  10% ] 039/100 VUs  01m34.3s/16m00.0s
write_traffic    [  16% ] 5 VUs        01m34.3s/10m0s

running (01m41.9s), 054/115 VUs, 421 complete and 0 interrupted iterations
auth_traffic     [  16% ] 10 VUs       01m35.3s/10m0s
public_traffic   [  10% ] 039/100 VUs  01m35.3s/16m00.0s
write_traffic    [  16% ] 5 VUs        01m35.3s/10m0s

running (01m42.9s), 055/115 VUs, 425 complete and 0 interrupted iterations
auth_traffic     [  16% ] 10 VUs       01m36.3s/10m0s
public_traffic   [  10% ] 040/100 VUs  01m36.3s/16m00.0s
write_traffic    [  16% ] 5 VUs        01m36.3s/10m0s

running (01m43.9s), 055/115 VUs, 427 complete and 0 interrupted iterations
auth_traffic     [  16% ] 10 VUs       01m37.3s/10m0s
public_traffic   [  10% ] 040/100 VUs  01m37.3s/16m00.0s
write_traffic    [  16% ] 5 VUs        01m37.3s/10m0s

running (01m44.9s), 055/115 VUs, 433 complete and 0 interrupted iterations
auth_traffic     [  16% ] 10 VUs       01m38.3s/10m0s
public_traffic   [  10% ] 040/100 VUs  01m38.3s/16m00.0s
write_traffic    [  16% ] 5 VUs        01m38.3s/10m0s

running (01m45.9s), 056/115 VUs, 442 complete and 0 interrupted iterations
auth_traffic     [  17% ] 10 VUs       01m39.3s/10m0s
public_traffic   [  10% ] 041/100 VUs  01m39.3s/16m00.0s
write_traffic    [  17% ] 5 VUs        01m39.3s/10m0s

running (01m46.9s), 056/115 VUs, 452 complete and 0 interrupted iterations
auth_traffic     [  17% ] 10 VUs       01m40.3s/10m0s
public_traffic   [  10% ] 041/100 VUs  01m40.3s/16m00.0s
write_traffic    [  17% ] 5 VUs        01m40.3s/10m0s

running (01m47.9s), 057/115 VUs, 463 complete and 0 interrupted iterations
auth_traffic     [  17% ] 10 VUs       01m41.3s/10m0s
public_traffic   [  11% ] 042/100 VUs  01m41.3s/16m00.0s
write_traffic    [  17% ] 5 VUs        01m41.3s/10m0s

running (01m48.9s), 057/115 VUs, 470 complete and 0 interrupted iterations
auth_traffic     [  17% ] 10 VUs       01m42.3s/10m0s
public_traffic   [  11% ] 042/100 VUs  01m42.3s/16m00.0s
write_traffic    [  17% ] 5 VUs        01m42.3s/10m0s

running (01m49.9s), 058/115 VUs, 477 complete and 0 interrupted iterations
auth_traffic     [  17% ] 10 VUs       01m43.3s/10m0s
public_traffic   [  11% ] 043/100 VUs  01m43.3s/16m00.0s
write_traffic    [  17% ] 5 VUs        01m43.3s/10m0s

running (01m50.9s), 058/115 VUs, 485 complete and 0 interrupted iterations
auth_traffic     [  17% ] 10 VUs       01m44.3s/10m0s
public_traffic   [  11% ] 043/100 VUs  01m44.3s/16m00.0s
write_traffic    [  17% ] 5 VUs        01m44.3s/10m0s

running (01m51.9s), 058/115 VUs, 490 complete and 0 interrupted iterations
auth_traffic     [  18% ] 10 VUs       01m45.3s/10m0s
public_traffic   [  11% ] 043/100 VUs  01m45.3s/16m00.0s
write_traffic    [  18% ] 5 VUs        01m45.3s/10m0s

running (01m52.9s), 059/115 VUs, 495 complete and 0 interrupted iterations
auth_traffic     [  18% ] 10 VUs       01m46.3s/10m0s
public_traffic   [  11% ] 044/100 VUs  01m46.3s/16m00.0s
write_traffic    [  18% ] 5 VUs        01m46.3s/10m0s

running (01m53.9s), 059/115 VUs, 506 complete and 0 interrupted iterations
auth_traffic     [  18% ] 10 VUs       01m47.3s/10m0s
public_traffic   [  11% ] 044/100 VUs  01m47.3s/16m00.0s
write_traffic    [  18% ] 5 VUs        01m47.3s/10m0s

running (01m54.9s), 060/115 VUs, 512 complete and 0 interrupted iterations
auth_traffic     [  18% ] 10 VUs       01m48.3s/10m0s
public_traffic   [  11% ] 045/100 VUs  01m48.3s/16m00.0s
write_traffic    [  18% ] 5 VUs        01m48.3s/10m0s

running (01m55.9s), 060/115 VUs, 522 complete and 0 interrupted iterations
auth_traffic     [  18% ] 10 VUs       01m49.3s/10m0s
public_traffic   [  11% ] 045/100 VUs  01m49.3s/16m00.0s
write_traffic    [  18% ] 5 VUs        01m49.3s/10m0s

running (01m56.9s), 060/115 VUs, 530 complete and 0 interrupted iterations
auth_traffic     [  18% ] 10 VUs       01m50.3s/10m0s
public_traffic   [  11% ] 045/100 VUs  01m50.3s/16m00.0s
write_traffic    [  18% ] 5 VUs        01m50.3s/10m0s

running (01m57.9s), 061/115 VUs, 541 complete and 0 interrupted iterations
auth_traffic     [  19% ] 10 VUs       01m51.3s/10m0s
public_traffic   [  12% ] 046/100 VUs  01m51.3s/16m00.0s
write_traffic    [  19% ] 5 VUs        01m51.3s/10m0s

running (01m58.9s), 061/115 VUs, 545 complete and 0 interrupted iterations
auth_traffic     [  19% ] 10 VUs       01m52.3s/10m0s
public_traffic   [  12% ] 046/100 VUs  01m52.3s/16m00.0s
write_traffic    [  19% ] 5 VUs        01m52.3s/10m0s

running (01m59.9s), 062/115 VUs, 550 complete and 0 interrupted iterations
auth_traffic     [  19% ] 10 VUs       01m53.3s/10m0s
public_traffic   [  12% ] 047/100 VUs  01m53.3s/16m00.0s
write_traffic    [  19% ] 5 VUs        01m53.3s/10m0s

running (02m00.9s), 062/115 VUs, 557 complete and 0 interrupted iterations
auth_traffic     [  19% ] 10 VUs       01m54.3s/10m0s
public_traffic   [  12% ] 047/100 VUs  01m54.3s/16m00.0s
write_traffic    [  19% ] 5 VUs        01m54.3s/10m0s

running (02m01.9s), 063/115 VUs, 564 complete and 0 interrupted iterations
auth_traffic     [  19% ] 10 VUs       01m55.3s/10m0s
public_traffic   [  12% ] 048/100 VUs  01m55.3s/16m00.0s
write_traffic    [  19% ] 5 VUs        01m55.3s/10m0s

running (02m02.9s), 063/115 VUs, 574 complete and 0 interrupted iterations
auth_traffic     [  19% ] 10 VUs       01m56.3s/10m0s
public_traffic   [  12% ] 048/100 VUs  01m56.3s/16m00.0s
write_traffic    [  19% ] 5 VUs        01m56.3s/10m0s

running (02m03.9s), 063/115 VUs, 589 complete and 0 interrupted iterations
auth_traffic     [  20% ] 10 VUs       01m57.3s/10m0s
public_traffic   [  12% ] 048/100 VUs  01m57.3s/16m00.0s
write_traffic    [  20% ] 5 VUs        01m57.3s/10m0s

running (02m04.9s), 064/115 VUs, 595 complete and 0 interrupted iterations
auth_traffic     [  20% ] 10 VUs       01m58.3s/10m0s
public_traffic   [  12% ] 049/100 VUs  01m58.3s/16m00.0s
write_traffic    [  20% ] 5 VUs        01m58.3s/10m0s

running (02m05.9s), 064/115 VUs, 601 complete and 0 interrupted iterations
auth_traffic     [  20% ] 10 VUs       01m59.3s/10m0s
public_traffic   [  12% ] 049/100 VUs  01m59.3s/16m00.0s
write_traffic    [  20% ] 5 VUs        01m59.3s/10m0s

running (02m06.9s), 065/115 VUs, 607 complete and 0 interrupted iterations
auth_traffic     [  20% ] 10 VUs       02m00.3s/10m0s
public_traffic   [  13% ] 050/100 VUs  02m00.3s/16m00.0s
write_traffic    [  20% ] 5 VUs        02m00.3s/10m0s

running (02m07.9s), 065/115 VUs, 618 complete and 0 interrupted iterations
auth_traffic     [  20% ] 10 VUs       02m01.3s/10m0s
public_traffic   [  13% ] 050/100 VUs  02m01.3s/16m00.0s
write_traffic    [  20% ] 5 VUs        02m01.3s/10m0s

running (02m08.9s), 065/115 VUs, 623 complete and 0 interrupted iterations
auth_traffic     [  20% ] 10 VUs       02m02.3s/10m0s
public_traffic   [  13% ] 050/100 VUs  02m02.3s/16m00.0s
write_traffic    [  20% ] 5 VUs        02m02.3s/10m0s

running (02m09.9s), 065/115 VUs, 632 complete and 0 interrupted iterations
auth_traffic     [  21% ] 10 VUs       02m03.3s/10m0s
public_traffic   [  13% ] 050/100 VUs  02m03.3s/16m00.0s
write_traffic    [  21% ] 5 VUs        02m03.3s/10m0s

running (02m10.9s), 065/115 VUs, 644 complete and 0 interrupted iterations
auth_traffic     [  21% ] 10 VUs       02m04.3s/10m0s
public_traffic   [  13% ] 050/100 VUs  02m04.3s/16m00.0s
write_traffic    [  21% ] 5 VUs        02m04.3s/10m0s

running (02m11.9s), 065/115 VUs, 652 complete and 0 interrupted iterations
auth_traffic     [  21% ] 10 VUs       02m05.3s/10m0s
public_traffic   [  13% ] 050/100 VUs  02m05.3s/16m00.0s
write_traffic    [  21% ] 5 VUs        02m05.3s/10m0s

running (02m12.9s), 065/115 VUs, 663 complete and 0 interrupted iterations
auth_traffic     [  21% ] 10 VUs       02m06.3s/10m0s
public_traffic   [  13% ] 050/100 VUs  02m06.3s/16m00.0s
write_traffic    [  21% ] 5 VUs        02m06.3s/10m0s

running (02m13.9s), 065/115 VUs, 669 complete and 0 interrupted iterations
auth_traffic     [  21% ] 10 VUs       02m07.3s/10m0s
public_traffic   [  13% ] 050/100 VUs  02m07.3s/16m00.0s
write_traffic    [  21% ] 5 VUs        02m07.3s/10m0s

running (02m14.9s), 065/115 VUs, 677 complete and 0 interrupted iterations
auth_traffic     [  21% ] 10 VUs       02m08.3s/10m0s
public_traffic   [  13% ] 050/100 VUs  02m08.3s/16m00.0s
write_traffic    [  21% ] 5 VUs        02m08.3s/10m0s

running (02m15.9s), 065/115 VUs, 690 complete and 0 interrupted iterations
auth_traffic     [  22% ] 10 VUs       02m09.3s/10m0s
public_traffic   [  13% ] 050/100 VUs  02m09.3s/16m00.0s
write_traffic    [  22% ] 5 VUs        02m09.3s/10m0s

running (02m16.9s), 065/115 VUs, 691 complete and 0 interrupted iterations
auth_traffic     [  22% ] 10 VUs       02m10.3s/10m0s
public_traffic   [  14% ] 050/100 VUs  02m10.3s/16m00.0s
write_traffic    [  22% ] 5 VUs        02m10.3s/10m0s

running (02m17.9s), 065/115 VUs, 697 complete and 0 interrupted iterations
auth_traffic     [  22% ] 10 VUs       02m11.3s/10m0s
public_traffic   [  14% ] 050/100 VUs  02m11.3s/16m00.0s
write_traffic    [  22% ] 5 VUs        02m11.3s/10m0s

running (02m18.9s), 065/115 VUs, 704 complete and 0 interrupted iterations
auth_traffic     [  22% ] 10 VUs       02m12.3s/10m0s
public_traffic   [  14% ] 050/100 VUs  02m12.3s/16m00.0s
write_traffic    [  22% ] 5 VUs        02m12.3s/10m0s

running (02m19.9s), 065/115 VUs, 719 complete and 0 interrupted iterations
auth_traffic     [  22% ] 10 VUs       02m13.3s/10m0s
public_traffic   [  14% ] 050/100 VUs  02m13.3s/16m00.0s
write_traffic    [  22% ] 5 VUs        02m13.3s/10m0s

running (02m20.9s), 065/115 VUs, 726 complete and 0 interrupted iterations
auth_traffic     [  22% ] 10 VUs       02m14.3s/10m0s
public_traffic   [  14% ] 050/100 VUs  02m14.3s/16m00.0s
write_traffic    [  22% ] 5 VUs        02m14.3s/10m0s

running (02m21.9s), 065/115 VUs, 733 complete and 0 interrupted iterations
auth_traffic     [  23% ] 10 VUs       02m15.3s/10m0s
public_traffic   [  14% ] 050/100 VUs  02m15.3s/16m00.0s
write_traffic    [  23% ] 5 VUs        02m15.3s/10m0s

running (02m22.9s), 065/115 VUs, 742 complete and 0 interrupted iterations
auth_traffic     [  23% ] 10 VUs       02m16.3s/10m0s
public_traffic   [  14% ] 050/100 VUs  02m16.3s/16m00.0s
write_traffic    [  23% ] 5 VUs        02m16.3s/10m0s

running (02m23.9s), 065/115 VUs, 754 complete and 0 interrupted iterations
auth_traffic     [  23% ] 10 VUs       02m17.3s/10m0s
public_traffic   [  14% ] 050/100 VUs  02m17.3s/16m00.0s
write_traffic    [  23% ] 5 VUs        02m17.3s/10m0s

running (02m24.9s), 065/115 VUs, 763 complete and 0 interrupted iterations
auth_traffic     [  23% ] 10 VUs       02m18.3s/10m0s
public_traffic   [  14% ] 050/100 VUs  02m18.3s/16m00.0s
write_traffic    [  23% ] 5 VUs        02m18.3s/10m0s

running (02m25.9s), 065/115 VUs, 768 complete and 0 interrupted iterations
auth_traffic     [  23% ] 10 VUs       02m19.3s/10m0s
public_traffic   [  15% ] 050/100 VUs  02m19.3s/16m00.0s
write_traffic    [  23% ] 5 VUs        02m19.3s/10m0s

running (02m26.9s), 065/115 VUs, 776 complete and 0 interrupted iterations
auth_traffic     [  23% ] 10 VUs       02m20.3s/10m0s
public_traffic   [  15% ] 050/100 VUs  02m20.3s/16m00.0s
write_traffic    [  23% ] 5 VUs        02m20.3s/10m0s

running (02m27.9s), 065/115 VUs, 793 complete and 0 interrupted iterations
auth_traffic     [  24% ] 10 VUs       02m21.3s/10m0s
public_traffic   [  15% ] 050/100 VUs  02m21.3s/16m00.0s
write_traffic    [  24% ] 5 VUs        02m21.3s/10m0s

running (02m28.9s), 065/115 VUs, 795 complete and 0 interrupted iterations
auth_traffic     [  24% ] 10 VUs       02m22.3s/10m0s
public_traffic   [  15% ] 050/100 VUs  02m22.3s/16m00.0s
write_traffic    [  24% ] 5 VUs        02m22.3s/10m0s

running (02m29.9s), 065/115 VUs, 801 complete and 0 interrupted iterations
auth_traffic     [  24% ] 10 VUs       02m23.3s/10m0s
public_traffic   [  15% ] 050/100 VUs  02m23.3s/16m00.0s
write_traffic    [  24% ] 5 VUs        02m23.3s/10m0s

running (02m30.9s), 065/115 VUs, 809 complete and 0 interrupted iterations
auth_traffic     [  24% ] 10 VUs       02m24.3s/10m0s
public_traffic   [  15% ] 050/100 VUs  02m24.3s/16m00.0s
write_traffic    [  24% ] 5 VUs        02m24.3s/10m0s

running (02m31.9s), 065/115 VUs, 822 complete and 0 interrupted iterations
auth_traffic     [  24% ] 10 VUs       02m25.3s/10m0s
public_traffic   [  15% ] 050/100 VUs  02m25.3s/16m00.0s
write_traffic    [  24% ] 5 VUs        02m25.3s/10m0s

running (02m32.9s), 065/115 VUs, 830 complete and 0 interrupted iterations
auth_traffic     [  24% ] 10 VUs       02m26.3s/10m0s
public_traffic   [  15% ] 050/100 VUs  02m26.3s/16m00.0s
write_traffic    [  24% ] 5 VUs        02m26.3s/10m0s

running (02m33.9s), 065/115 VUs, 839 complete and 0 interrupted iterations
auth_traffic     [  25% ] 10 VUs       02m27.3s/10m0s
public_traffic   [  15% ] 050/100 VUs  02m27.3s/16m00.0s
write_traffic    [  25% ] 5 VUs        02m27.3s/10m0s

running (02m34.9s), 065/115 VUs, 844 complete and 0 interrupted iterations
auth_traffic     [  25% ] 10 VUs       02m28.3s/10m0s
public_traffic   [  15% ] 050/100 VUs  02m28.3s/16m00.0s
write_traffic    [  25% ] 5 VUs        02m28.3s/10m0s

running (02m35.9s), 065/115 VUs, 853 complete and 0 interrupted iterations
auth_traffic     [  25% ] 10 VUs       02m29.3s/10m0s
public_traffic   [  16% ] 050/100 VUs  02m29.3s/16m00.0s
write_traffic    [  25% ] 5 VUs        02m29.3s/10m0s

running (02m36.9s), 065/115 VUs, 865 complete and 0 interrupted iterations
auth_traffic     [  25% ] 10 VUs       02m30.3s/10m0s
public_traffic   [  16% ] 050/100 VUs  02m30.3s/16m00.0s
write_traffic    [  25% ] 5 VUs        02m30.3s/10m0s

running (02m37.9s), 065/115 VUs, 872 complete and 0 interrupted iterations
auth_traffic     [  25% ] 10 VUs       02m31.3s/10m0s
public_traffic   [  16% ] 050/100 VUs  02m31.3s/16m00.0s
write_traffic    [  25% ] 5 VUs        02m31.3s/10m0s

running (02m38.9s), 065/115 VUs, 878 complete and 0 interrupted iterations
auth_traffic     [  25% ] 10 VUs       02m32.3s/10m0s
public_traffic   [  16% ] 050/100 VUs  02m32.3s/16m00.0s
write_traffic    [  25% ] 5 VUs        02m32.3s/10m0s

running (02m39.9s), 065/115 VUs, 882 complete and 0 interrupted iterations
auth_traffic     [  26% ] 10 VUs       02m33.3s/10m0s
public_traffic   [  16% ] 050/100 VUs  02m33.3s/16m00.0s
write_traffic    [  26% ] 5 VUs        02m33.3s/10m0s

running (02m40.9s), 065/115 VUs, 886 complete and 0 interrupted iterations
auth_traffic     [  26% ] 10 VUs       02m34.3s/10m0s
public_traffic   [  16% ] 050/100 VUs  02m34.3s/16m00.0s
write_traffic    [  26% ] 5 VUs        02m34.3s/10m0s

running (02m41.9s), 065/115 VUs, 896 complete and 0 interrupted iterations
auth_traffic     [  26% ] 10 VUs       02m35.3s/10m0s
public_traffic   [  16% ] 050/100 VUs  02m35.3s/16m00.0s
write_traffic    [  26% ] 5 VUs        02m35.3s/10m0s

running (02m42.9s), 065/115 VUs, 902 complete and 0 interrupted iterations
auth_traffic     [  26% ] 10 VUs       02m36.3s/10m0s
public_traffic   [  16% ] 050/100 VUs  02m36.3s/16m00.0s
write_traffic    [  26% ] 5 VUs        02m36.3s/10m0s

running (02m43.9s), 065/115 VUs, 909 complete and 0 interrupted iterations
auth_traffic     [  26% ] 10 VUs       02m37.3s/10m0s
public_traffic   [  16% ] 050/100 VUs  02m37.3s/16m00.0s
write_traffic    [  26% ] 5 VUs        02m37.3s/10m0s

running (02m44.9s), 065/115 VUs, 913 complete and 0 interrupted iterations
auth_traffic     [  26% ] 10 VUs       02m38.3s/10m0s
public_traffic   [  16% ] 050/100 VUs  02m38.3s/16m00.0s
write_traffic    [  26% ] 5 VUs        02m38.3s/10m0s

running (02m45.9s), 065/115 VUs, 925 complete and 0 interrupted iterations
auth_traffic     [  27% ] 10 VUs       02m39.3s/10m0s
public_traffic   [  17% ] 050/100 VUs  02m39.3s/16m00.0s
write_traffic    [  27% ] 5 VUs        02m39.3s/10m0s

running (02m46.9s), 065/115 VUs, 938 complete and 0 interrupted iterations
auth_traffic     [  27% ] 10 VUs       02m40.3s/10m0s
public_traffic   [  17% ] 050/100 VUs  02m40.3s/16m00.0s
write_traffic    [  27% ] 5 VUs        02m40.3s/10m0s

running (02m47.9s), 065/115 VUs, 950 complete and 0 interrupted iterations
auth_traffic     [  27% ] 10 VUs       02m41.3s/10m0s
public_traffic   [  17% ] 050/100 VUs  02m41.3s/16m00.0s
write_traffic    [  27% ] 5 VUs        02m41.3s/10m0s

running (02m48.9s), 065/115 VUs, 957 complete and 0 interrupted iterations
auth_traffic     [  27% ] 10 VUs       02m42.3s/10m0s
public_traffic   [  17% ] 050/100 VUs  02m42.3s/16m00.0s
write_traffic    [  27% ] 5 VUs        02m42.3s/10m0s

running (02m49.9s), 065/115 VUs, 962 complete and 0 interrupted iterations
auth_traffic     [  27% ] 10 VUs       02m43.3s/10m0s
public_traffic   [  17% ] 050/100 VUs  02m43.3s/16m00.0s
write_traffic    [  27% ] 5 VUs        02m43.3s/10m0s

running (02m50.9s), 065/115 VUs, 969 complete and 0 interrupted iterations
auth_traffic     [  27% ] 10 VUs       02m44.3s/10m0s
public_traffic   [  17% ] 050/100 VUs  02m44.3s/16m00.0s
write_traffic    [  27% ] 5 VUs        02m44.3s/10m0s

running (02m51.9s), 065/115 VUs, 974 complete and 0 interrupted iterations
auth_traffic     [  28% ] 10 VUs       02m45.3s/10m0s
public_traffic   [  17% ] 050/100 VUs  02m45.3s/16m00.0s
write_traffic    [  28% ] 5 VUs        02m45.3s/10m0s

running (02m52.9s), 065/115 VUs, 982 complete and 0 interrupted iterations
auth_traffic     [  28% ] 10 VUs       02m46.3s/10m0s
public_traffic   [  17% ] 050/100 VUs  02m46.3s/16m00.0s
write_traffic    [  28% ] 5 VUs        02m46.3s/10m0s

running (02m53.9s), 065/115 VUs, 993 complete and 0 interrupted iterations
auth_traffic     [  28% ] 10 VUs       02m47.3s/10m0s
public_traffic   [  17% ] 050/100 VUs  02m47.3s/16m00.0s
write_traffic    [  28% ] 5 VUs        02m47.3s/10m0s

running (02m54.9s), 065/115 VUs, 1002 complete and 0 interrupted iterations
auth_traffic     [  28% ] 10 VUs       02m48.3s/10m0s
public_traffic   [  18% ] 050/100 VUs  02m48.3s/16m00.0s
write_traffic    [  28% ] 5 VUs        02m48.3s/10m0s

running (02m55.9s), 065/115 VUs, 1016 complete and 0 interrupted iterations
auth_traffic     [  28% ] 10 VUs       02m49.3s/10m0s
public_traffic   [  18% ] 050/100 VUs  02m49.3s/16m00.0s
write_traffic    [  28% ] 5 VUs        02m49.3s/10m0s

running (02m56.9s), 065/115 VUs, 1026 complete and 0 interrupted iterations
auth_traffic     [  28% ] 10 VUs       02m50.3s/10m0s
public_traffic   [  18% ] 050/100 VUs  02m50.3s/16m00.0s
write_traffic    [  28% ] 5 VUs        02m50.3s/10m0s

running (02m57.9s), 065/115 VUs, 1030 complete and 0 interrupted iterations
auth_traffic     [  29% ] 10 VUs       02m51.3s/10m0s
public_traffic   [  18% ] 050/100 VUs  02m51.3s/16m00.0s
write_traffic    [  29% ] 5 VUs        02m51.3s/10m0s

running (02m58.9s), 065/115 VUs, 1038 complete and 0 interrupted iterations
auth_traffic     [  29% ] 10 VUs       02m52.3s/10m0s
public_traffic   [  18% ] 050/100 VUs  02m52.3s/16m00.0s
write_traffic    [  29% ] 5 VUs        02m52.3s/10m0s

running (02m59.9s), 065/115 VUs, 1045 complete and 0 interrupted iterations
auth_traffic     [  29% ] 10 VUs       02m53.3s/10m0s
public_traffic   [  18% ] 050/100 VUs  02m53.3s/16m00.0s
write_traffic    [  29% ] 5 VUs        02m53.3s/10m0s

running (03m00.9s), 065/115 VUs, 1050 complete and 0 interrupted iterations
auth_traffic     [  29% ] 10 VUs       02m54.3s/10m0s
public_traffic   [  18% ] 050/100 VUs  02m54.3s/16m00.0s
write_traffic    [  29% ] 5 VUs        02m54.3s/10m0s

running (03m01.9s), 065/115 VUs, 1053 complete and 0 interrupted iterations
auth_traffic     [  29% ] 10 VUs       02m55.3s/10m0s
public_traffic   [  18% ] 050/100 VUs  02m55.3s/16m00.0s
write_traffic    [  29% ] 5 VUs        02m55.3s/10m0s

running (03m02.9s), 065/115 VUs, 1070 complete and 0 interrupted iterations
auth_traffic     [  29% ] 10 VUs       02m56.3s/10m0s
public_traffic   [  18% ] 050/100 VUs  02m56.3s/16m00.0s
write_traffic    [  29% ] 5 VUs        02m56.3s/10m0s

running (03m03.9s), 065/115 VUs, 1078 complete and 0 interrupted iterations
auth_traffic     [  30% ] 10 VUs       02m57.3s/10m0s
public_traffic   [  18% ] 050/100 VUs  02m57.3s/16m00.0s
write_traffic    [  30% ] 5 VUs        02m57.3s/10m0s

running (03m04.9s), 065/115 VUs, 1085 complete and 0 interrupted iterations
auth_traffic     [  30% ] 10 VUs       02m58.3s/10m0s
public_traffic   [  19% ] 050/100 VUs  02m58.3s/16m00.0s
write_traffic    [  30% ] 5 VUs        02m58.3s/10m0s

running (03m05.9s), 065/115 VUs, 1098 complete and 0 interrupted iterations
auth_traffic     [  30% ] 10 VUs       02m59.3s/10m0s
public_traffic   [  19% ] 050/100 VUs  02m59.3s/16m00.0s
write_traffic    [  30% ] 5 VUs        02m59.3s/10m0s

running (03m06.9s), 065/115 VUs, 1100 complete and 0 interrupted iterations
auth_traffic     [  30% ] 10 VUs       03m00.3s/10m0s
public_traffic   [  19% ] 050/100 VUs  03m00.3s/16m00.0s
write_traffic    [  30% ] 5 VUs        03m00.3s/10m0s

running (03m07.9s), 065/115 VUs, 1112 complete and 0 interrupted iterations
auth_traffic     [  30% ] 10 VUs       03m01.3s/10m0s
public_traffic   [  19% ] 050/100 VUs  03m01.3s/16m00.0s
write_traffic    [  30% ] 5 VUs        03m01.3s/10m0s

running (03m08.9s), 065/115 VUs, 1118 complete and 0 interrupted iterations
auth_traffic     [  30% ] 10 VUs       03m02.3s/10m0s
public_traffic   [  19% ] 050/100 VUs  03m02.3s/16m00.0s
write_traffic    [  30% ] 5 VUs        03m02.3s/10m0s

running (03m09.9s), 065/115 VUs, 1128 complete and 0 interrupted iterations
auth_traffic     [  31% ] 10 VUs       03m03.3s/10m0s
public_traffic   [  19% ] 050/100 VUs  03m03.3s/16m00.0s
write_traffic    [  31% ] 5 VUs        03m03.3s/10m0s

running (03m10.9s), 065/115 VUs, 1135 complete and 0 interrupted iterations
auth_traffic     [  31% ] 10 VUs       03m04.3s/10m0s
public_traffic   [  19% ] 050/100 VUs  03m04.3s/16m00.0s
write_traffic    [  31% ] 5 VUs        03m04.3s/10m0s

running (03m11.9s), 065/115 VUs, 1144 complete and 0 interrupted iterations
auth_traffic     [  31% ] 10 VUs       03m05.3s/10m0s
public_traffic   [  19% ] 050/100 VUs  03m05.3s/16m00.0s
write_traffic    [  31% ] 5 VUs        03m05.3s/10m0s

running (03m12.9s), 065/115 VUs, 1155 complete and 0 interrupted iterations
auth_traffic     [  31% ] 10 VUs       03m06.3s/10m0s
public_traffic   [  19% ] 050/100 VUs  03m06.3s/16m00.0s
write_traffic    [  31% ] 5 VUs        03m06.3s/10m0s

running (03m13.9s), 065/115 VUs, 1162 complete and 0 interrupted iterations
auth_traffic     [  31% ] 10 VUs       03m07.3s/10m0s
public_traffic   [  20% ] 050/100 VUs  03m07.3s/16m00.0s
write_traffic    [  31% ] 5 VUs        03m07.3s/10m0s

running (03m14.9s), 065/115 VUs, 1172 complete and 0 interrupted iterations
auth_traffic     [  31% ] 10 VUs       03m08.3s/10m0s
public_traffic   [  20% ] 050/100 VUs  03m08.3s/16m00.0s
write_traffic    [  31% ] 5 VUs        03m08.3s/10m0s

running (03m15.9s), 065/115 VUs, 1175 complete and 0 interrupted iterations
auth_traffic     [  32% ] 10 VUs       03m09.3s/10m0s
public_traffic   [  20% ] 050/100 VUs  03m09.3s/16m00.0s
write_traffic    [  32% ] 5 VUs        03m09.3s/10m0s

running (03m16.9s), 065/115 VUs, 1186 complete and 0 interrupted iterations
auth_traffic     [  32% ] 10 VUs       03m10.3s/10m0s
public_traffic   [  20% ] 050/100 VUs  03m10.3s/16m00.0s
write_traffic    [  32% ] 5 VUs        03m10.3s/10m0s

running (03m17.9s), 065/115 VUs, 1192 complete and 0 interrupted iterations
auth_traffic     [  32% ] 10 VUs       03m11.3s/10m0s
public_traffic   [  20% ] 050/100 VUs  03m11.3s/16m00.0s
write_traffic    [  32% ] 5 VUs        03m11.3s/10m0s

running (03m18.9s), 065/115 VUs, 1203 complete and 0 interrupted iterations
auth_traffic     [  32% ] 10 VUs       03m12.3s/10m0s
public_traffic   [  20% ] 050/100 VUs  03m12.3s/16m00.0s
write_traffic    [  32% ] 5 VUs        03m12.3s/10m0s

running (03m19.9s), 065/115 VUs, 1216 complete and 0 interrupted iterations
auth_traffic     [  32% ] 10 VUs       03m13.3s/10m0s
public_traffic   [  20% ] 050/100 VUs  03m13.3s/16m00.0s
write_traffic    [  32% ] 5 VUs        03m13.3s/10m0s

running (03m20.9s), 065/115 VUs, 1223 complete and 0 interrupted iterations
auth_traffic     [  32% ] 10 VUs       03m14.3s/10m0s
public_traffic   [  20% ] 050/100 VUs  03m14.3s/16m00.0s
write_traffic    [  32% ] 5 VUs        03m14.3s/10m0s

running (03m21.9s), 065/115 VUs, 1229 complete and 0 interrupted iterations
auth_traffic     [  33% ] 10 VUs       03m15.3s/10m0s
public_traffic   [  20% ] 050/100 VUs  03m15.3s/16m00.0s
write_traffic    [  33% ] 5 VUs        03m15.3s/10m0s

running (03m22.9s), 065/115 VUs, 1240 complete and 0 interrupted iterations
auth_traffic     [  33% ] 10 VUs       03m16.3s/10m0s
public_traffic   [  20% ] 050/100 VUs  03m16.3s/16m00.0s
write_traffic    [  33% ] 5 VUs        03m16.3s/10m0s

running (03m23.9s), 065/115 VUs, 1245 complete and 0 interrupted iterations
auth_traffic     [  33% ] 10 VUs       03m17.3s/10m0s
public_traffic   [  21% ] 050/100 VUs  03m17.3s/16m00.0s
write_traffic    [  33% ] 5 VUs        03m17.3s/10m0s

running (03m24.9s), 065/115 VUs, 1251 complete and 0 interrupted iterations
auth_traffic     [  33% ] 10 VUs       03m18.3s/10m0s
public_traffic   [  21% ] 050/100 VUs  03m18.3s/16m00.0s
write_traffic    [  33% ] 5 VUs        03m18.3s/10m0s

running (03m25.9s), 065/115 VUs, 1261 complete and 0 interrupted iterations
auth_traffic     [  33% ] 10 VUs       03m19.3s/10m0s
public_traffic   [  21% ] 050/100 VUs  03m19.3s/16m00.0s
write_traffic    [  33% ] 5 VUs        03m19.3s/10m0s

running (03m26.9s), 065/115 VUs, 1268 complete and 0 interrupted iterations
auth_traffic     [  33% ] 10 VUs       03m20.3s/10m0s
public_traffic   [  21% ] 050/100 VUs  03m20.3s/16m00.0s
write_traffic    [  33% ] 5 VUs        03m20.3s/10m0s

running (03m27.9s), 065/115 VUs, 1282 complete and 0 interrupted iterations
auth_traffic     [  34% ] 10 VUs       03m21.3s/10m0s
public_traffic   [  21% ] 050/100 VUs  03m21.3s/16m00.0s
write_traffic    [  34% ] 5 VUs        03m21.3s/10m0s

running (03m28.9s), 065/115 VUs, 1288 complete and 0 interrupted iterations
auth_traffic     [  34% ] 10 VUs       03m22.3s/10m0s
public_traffic   [  21% ] 050/100 VUs  03m22.3s/16m00.0s
write_traffic    [  34% ] 5 VUs        03m22.3s/10m0s

running (03m29.9s), 065/115 VUs, 1297 complete and 0 interrupted iterations
auth_traffic     [  34% ] 10 VUs       03m23.3s/10m0s
public_traffic   [  21% ] 050/100 VUs  03m23.3s/16m00.0s
write_traffic    [  34% ] 5 VUs        03m23.3s/10m0s

running (03m30.9s), 065/115 VUs, 1306 complete and 0 interrupted iterations
auth_traffic     [  34% ] 10 VUs       03m24.3s/10m0s
public_traffic   [  21% ] 050/100 VUs  03m24.3s/16m00.0s
write_traffic    [  34% ] 5 VUs        03m24.3s/10m0s

running (03m31.9s), 065/115 VUs, 1316 complete and 0 interrupted iterations
auth_traffic     [  34% ] 10 VUs       03m25.3s/10m0s
public_traffic   [  21% ] 050/100 VUs  03m25.3s/16m00.0s
write_traffic    [  34% ] 5 VUs        03m25.3s/10m0s

running (03m32.9s), 065/115 VUs, 1320 complete and 0 interrupted iterations
auth_traffic     [  34% ] 10 VUs       03m26.3s/10m0s
public_traffic   [  21% ] 050/100 VUs  03m26.3s/16m00.0s
write_traffic    [  34% ] 5 VUs        03m26.3s/10m0s

running (03m33.9s), 065/115 VUs, 1329 complete and 0 interrupted iterations
auth_traffic     [  35% ] 10 VUs       03m27.3s/10m0s
public_traffic   [  22% ] 050/100 VUs  03m27.3s/16m00.0s
write_traffic    [  35% ] 5 VUs        03m27.3s/10m0s

running (03m34.9s), 065/115 VUs, 1339 complete and 0 interrupted iterations
auth_traffic     [  35% ] 10 VUs       03m28.3s/10m0s
public_traffic   [  22% ] 050/100 VUs  03m28.3s/16m00.0s
write_traffic    [  35% ] 5 VUs        03m28.3s/10m0s

running (03m35.9s), 065/115 VUs, 1350 complete and 0 interrupted iterations
auth_traffic     [  35% ] 10 VUs       03m29.3s/10m0s
public_traffic   [  22% ] 050/100 VUs  03m29.3s/16m00.0s
write_traffic    [  35% ] 5 VUs        03m29.3s/10m0s

running (03m36.9s), 065/115 VUs, 1357 complete and 0 interrupted iterations
auth_traffic     [  35% ] 10 VUs       03m30.3s/10m0s
public_traffic   [  22% ] 050/100 VUs  03m30.3s/16m00.0s
write_traffic    [  35% ] 5 VUs        03m30.3s/10m0s

running (03m37.9s), 065/115 VUs, 1368 complete and 0 interrupted iterations
auth_traffic     [  35% ] 10 VUs       03m31.3s/10m0s
public_traffic   [  22% ] 050/100 VUs  03m31.3s/16m00.0s
write_traffic    [  35% ] 5 VUs        03m31.3s/10m0s

running (03m38.9s), 065/115 VUs, 1375 complete and 0 interrupted iterations
auth_traffic     [  35% ] 10 VUs       03m32.3s/10m0s
public_traffic   [  22% ] 050/100 VUs  03m32.3s/16m00.0s
write_traffic    [  35% ] 5 VUs        03m32.3s/10m0s

running (03m39.9s), 065/115 VUs, 1378 complete and 0 interrupted iterations
auth_traffic     [  36% ] 10 VUs       03m33.3s/10m0s
public_traffic   [  22% ] 050/100 VUs  03m33.3s/16m00.0s
write_traffic    [  36% ] 5 VUs        03m33.3s/10m0s

running (03m40.9s), 065/115 VUs, 1386 complete and 0 interrupted iterations
auth_traffic     [  36% ] 10 VUs       03m34.3s/10m0s
public_traffic   [  22% ] 050/100 VUs  03m34.3s/16m00.0s
write_traffic    [  36% ] 5 VUs        03m34.3s/10m0s

running (03m41.9s), 065/115 VUs, 1392 complete and 0 interrupted iterations
auth_traffic     [  36% ] 10 VUs       03m35.3s/10m0s
public_traffic   [  22% ] 050/100 VUs  03m35.3s/16m00.0s
write_traffic    [  36% ] 5 VUs        03m35.3s/10m0s

running (03m42.9s), 065/115 VUs, 1397 complete and 0 interrupted iterations
auth_traffic     [  36% ] 10 VUs       03m36.3s/10m0s
public_traffic   [  23% ] 050/100 VUs  03m36.3s/16m00.0s
write_traffic    [  36% ] 5 VUs        03m36.3s/10m0s

running (03m43.9s), 065/115 VUs, 1411 complete and 0 interrupted iterations
auth_traffic     [  36% ] 10 VUs       03m37.3s/10m0s
public_traffic   [  23% ] 050/100 VUs  03m37.3s/16m00.0s
write_traffic    [  36% ] 5 VUs        03m37.3s/10m0s

running (03m44.9s), 065/115 VUs, 1424 complete and 0 interrupted iterations
auth_traffic     [  36% ] 10 VUs       03m38.3s/10m0s
public_traffic   [  23% ] 050/100 VUs  03m38.3s/16m00.0s
write_traffic    [  36% ] 5 VUs        03m38.3s/10m0s

running (03m45.9s), 065/115 VUs, 1434 complete and 0 interrupted iterations
auth_traffic     [  37% ] 10 VUs       03m39.3s/10m0s
public_traffic   [  23% ] 050/100 VUs  03m39.3s/16m00.0s
write_traffic    [  37% ] 5 VUs        03m39.3s/10m0s

running (03m46.9s), 065/115 VUs, 1440 complete and 0 interrupted iterations
auth_traffic     [  37% ] 10 VUs       03m40.3s/10m0s
public_traffic   [  23% ] 050/100 VUs  03m40.3s/16m00.0s
write_traffic    [  37% ] 5 VUs        03m40.3s/10m0s

running (03m47.9s), 065/115 VUs, 1446 complete and 0 interrupted iterations
auth_traffic     [  37% ] 10 VUs       03m41.3s/10m0s
public_traffic   [  23% ] 050/100 VUs  03m41.3s/16m00.0s
write_traffic    [  37% ] 5 VUs        03m41.3s/10m0s

running (03m48.9s), 065/115 VUs, 1449 complete and 0 interrupted iterations
auth_traffic     [  37% ] 10 VUs       03m42.3s/10m0s
public_traffic   [  23% ] 050/100 VUs  03m42.3s/16m00.0s
write_traffic    [  37% ] 5 VUs        03m42.3s/10m0s

running (03m49.9s), 065/115 VUs, 1453 complete and 0 interrupted iterations
auth_traffic     [  37% ] 10 VUs       03m43.3s/10m0s
public_traffic   [  23% ] 050/100 VUs  03m43.3s/16m00.0s
write_traffic    [  37% ] 5 VUs        03m43.3s/10m0s

running (03m50.9s), 065/115 VUs, 1465 complete and 0 interrupted iterations
auth_traffic     [  37% ] 10 VUs       03m44.3s/10m0s
public_traffic   [  23% ] 050/100 VUs  03m44.3s/16m00.0s
write_traffic    [  37% ] 5 VUs        03m44.3s/10m0s

running (03m51.9s), 065/115 VUs, 1479 complete and 0 interrupted iterations
auth_traffic     [  38% ] 10 VUs       03m45.3s/10m0s
public_traffic   [  23% ] 050/100 VUs  03m45.3s/16m00.0s
write_traffic    [  38% ] 5 VUs        03m45.3s/10m0s

running (03m52.9s), 065/115 VUs, 1485 complete and 0 interrupted iterations
auth_traffic     [  38% ] 10 VUs       03m46.3s/10m0s
public_traffic   [  24% ] 050/100 VUs  03m46.3s/16m00.0s
write_traffic    [  38% ] 5 VUs        03m46.3s/10m0s

running (03m53.9s), 065/115 VUs, 1494 complete and 0 interrupted iterations
auth_traffic     [  38% ] 10 VUs       03m47.3s/10m0s
public_traffic   [  24% ] 050/100 VUs  03m47.3s/16m00.0s
write_traffic    [  38% ] 5 VUs        03m47.3s/10m0s

running (03m54.9s), 065/115 VUs, 1506 complete and 0 interrupted iterations
auth_traffic     [  38% ] 10 VUs       03m48.3s/10m0s
public_traffic   [  24% ] 050/100 VUs  03m48.3s/16m00.0s
write_traffic    [  38% ] 5 VUs        03m48.3s/10m0s

running (03m55.9s), 065/115 VUs, 1511 complete and 0 interrupted iterations
auth_traffic     [  38% ] 10 VUs       03m49.3s/10m0s
public_traffic   [  24% ] 050/100 VUs  03m49.3s/16m00.0s
write_traffic    [  38% ] 5 VUs        03m49.3s/10m0s

running (03m56.9s), 065/115 VUs, 1520 complete and 0 interrupted iterations
auth_traffic     [  38% ] 10 VUs       03m50.3s/10m0s
public_traffic   [  24% ] 050/100 VUs  03m50.3s/16m00.0s
write_traffic    [  38% ] 5 VUs        03m50.3s/10m0s

running (03m57.9s), 065/115 VUs, 1526 complete and 0 interrupted iterations
auth_traffic     [  39% ] 10 VUs       03m51.3s/10m0s
public_traffic   [  24% ] 050/100 VUs  03m51.3s/16m00.0s
write_traffic    [  39% ] 5 VUs        03m51.3s/10m0s

running (03m58.9s), 065/115 VUs, 1535 complete and 0 interrupted iterations
auth_traffic     [  39% ] 10 VUs       03m52.3s/10m0s
public_traffic   [  24% ] 050/100 VUs  03m52.3s/16m00.0s
write_traffic    [  39% ] 5 VUs        03m52.3s/10m0s

running (03m59.9s), 065/115 VUs, 1546 complete and 0 interrupted iterations
auth_traffic     [  39% ] 10 VUs       03m53.3s/10m0s
public_traffic   [  24% ] 050/100 VUs  03m53.3s/16m00.0s
write_traffic    [  39% ] 5 VUs        03m53.3s/10m0s

running (04m00.9s), 065/115 VUs, 1557 complete and 0 interrupted iterations
auth_traffic     [  39% ] 10 VUs       03m54.3s/10m0s
public_traffic   [  24% ] 050/100 VUs  03m54.3s/16m00.0s
write_traffic    [  39% ] 5 VUs        03m54.3s/10m0s

running (04m01.9s), 065/115 VUs, 1562 complete and 0 interrupted iterations
auth_traffic     [  39% ] 10 VUs       03m55.3s/10m0s
public_traffic   [  25% ] 050/100 VUs  03m55.3s/16m00.0s
write_traffic    [  39% ] 5 VUs        03m55.3s/10m0s

running (04m02.9s), 065/115 VUs, 1572 complete and 0 interrupted iterations
auth_traffic     [  39% ] 10 VUs       03m56.3s/10m0s
public_traffic   [  25% ] 050/100 VUs  03m56.3s/16m00.0s
write_traffic    [  39% ] 5 VUs        03m56.3s/10m0s

running (04m03.9s), 065/115 VUs, 1581 complete and 0 interrupted iterations
auth_traffic     [  40% ] 10 VUs       03m57.3s/10m0s
public_traffic   [  25% ] 050/100 VUs  03m57.3s/16m00.0s
write_traffic    [  40% ] 5 VUs        03m57.3s/10m0s

running (04m04.9s), 065/115 VUs, 1589 complete and 0 interrupted iterations
auth_traffic     [  40% ] 10 VUs       03m58.3s/10m0s
public_traffic   [  25% ] 050/100 VUs  03m58.3s/16m00.0s
write_traffic    [  40% ] 5 VUs        03m58.3s/10m0s

running (04m05.9s), 065/115 VUs, 1595 complete and 0 interrupted iterations
auth_traffic     [  40% ] 10 VUs       03m59.3s/10m0s
public_traffic   [  25% ] 050/100 VUs  03m59.3s/16m00.0s
write_traffic    [  40% ] 5 VUs        03m59.3s/10m0s

running (04m06.9s), 065/115 VUs, 1604 complete and 0 interrupted iterations
auth_traffic     [  40% ] 10 VUs       04m00.3s/10m0s
public_traffic   [  25% ] 050/100 VUs  04m00.3s/16m00.0s
write_traffic    [  40% ] 5 VUs        04m00.3s/10m0s

running (04m07.9s), 065/115 VUs, 1611 complete and 0 interrupted iterations
auth_traffic     [  40% ] 10 VUs       04m01.3s/10m0s
public_traffic   [  25% ] 050/100 VUs  04m01.3s/16m00.0s
write_traffic    [  40% ] 5 VUs        04m01.3s/10m0s

running (04m08.9s), 065/115 VUs, 1620 complete and 0 interrupted iterations
auth_traffic     [  40% ] 10 VUs       04m02.3s/10m0s
public_traffic   [  25% ] 050/100 VUs  04m02.3s/16m00.0s
write_traffic    [  40% ] 5 VUs        04m02.3s/10m0s

running (04m09.9s), 065/115 VUs, 1627 complete and 0 interrupted iterations
auth_traffic     [  41% ] 10 VUs       04m03.3s/10m0s
public_traffic   [  25% ] 050/100 VUs  04m03.3s/16m00.0s
write_traffic    [  41% ] 5 VUs        04m03.3s/10m0s

running (04m10.9s), 065/115 VUs, 1635 complete and 0 interrupted iterations
auth_traffic     [  41% ] 10 VUs       04m04.3s/10m0s
public_traffic   [  25% ] 050/100 VUs  04m04.3s/16m00.0s
write_traffic    [  41% ] 5 VUs        04m04.3s/10m0s

running (04m11.9s), 065/115 VUs, 1646 complete and 0 interrupted iterations
auth_traffic     [  41% ] 10 VUs       04m05.3s/10m0s
public_traffic   [  26% ] 050/100 VUs  04m05.3s/16m00.0s
write_traffic    [  41% ] 5 VUs        04m05.3s/10m0s

running (04m12.9s), 065/115 VUs, 1653 complete and 0 interrupted iterations
auth_traffic     [  41% ] 10 VUs       04m06.3s/10m0s
public_traffic   [  26% ] 050/100 VUs  04m06.3s/16m00.0s
write_traffic    [  41% ] 5 VUs        04m06.3s/10m0s

running (04m13.9s), 065/115 VUs, 1662 complete and 0 interrupted iterations
auth_traffic     [  41% ] 10 VUs       04m07.3s/10m0s
public_traffic   [  26% ] 050/100 VUs  04m07.3s/16m00.0s
write_traffic    [  41% ] 5 VUs        04m07.3s/10m0s

running (04m14.9s), 065/115 VUs, 1669 complete and 0 interrupted iterations
auth_traffic     [  41% ] 10 VUs       04m08.3s/10m0s
public_traffic   [  26% ] 050/100 VUs  04m08.3s/16m00.0s
write_traffic    [  41% ] 5 VUs        04m08.3s/10m0s

running (04m15.9s), 065/115 VUs, 1678 complete and 0 interrupted iterations
auth_traffic     [  42% ] 10 VUs       04m09.3s/10m0s
public_traffic   [  26% ] 050/100 VUs  04m09.3s/16m00.0s
write_traffic    [  42% ] 5 VUs        04m09.3s/10m0s

running (04m16.9s), 065/115 VUs, 1687 complete and 0 interrupted iterations
auth_traffic     [  42% ] 10 VUs       04m10.3s/10m0s
public_traffic   [  26% ] 050/100 VUs  04m10.3s/16m00.0s
write_traffic    [  42% ] 5 VUs        04m10.3s/10m0s

running (04m17.9s), 065/115 VUs, 1694 complete and 0 interrupted iterations
auth_traffic     [  42% ] 10 VUs       04m11.3s/10m0s
public_traffic   [  26% ] 050/100 VUs  04m11.3s/16m00.0s
write_traffic    [  42% ] 5 VUs        04m11.3s/10m0s

running (04m18.9s), 065/115 VUs, 1702 complete and 0 interrupted iterations
auth_traffic     [  42% ] 10 VUs       04m12.3s/10m0s
public_traffic   [  26% ] 050/100 VUs  04m12.3s/16m00.0s
write_traffic    [  42% ] 5 VUs        04m12.3s/10m0s

running (04m19.9s), 065/115 VUs, 1712 complete and 0 interrupted iterations
auth_traffic     [  42% ] 10 VUs       04m13.3s/10m0s
public_traffic   [  26% ] 050/100 VUs  04m13.3s/16m00.0s
write_traffic    [  42% ] 5 VUs        04m13.3s/10m0s

running (04m20.9s), 065/115 VUs, 1721 complete and 0 interrupted iterations
auth_traffic     [  42% ] 10 VUs       04m14.3s/10m0s
public_traffic   [  26% ] 050/100 VUs  04m14.3s/16m00.0s
write_traffic    [  42% ] 5 VUs        04m14.3s/10m0s

running (04m21.9s), 065/115 VUs, 1727 complete and 0 interrupted iterations
auth_traffic     [  43% ] 10 VUs       04m15.3s/10m0s
public_traffic   [  27% ] 050/100 VUs  04m15.3s/16m00.0s
write_traffic    [  43% ] 5 VUs        04m15.3s/10m0s

running (04m22.9s), 065/115 VUs, 1737 complete and 0 interrupted iterations
auth_traffic     [  43% ] 10 VUs       04m16.3s/10m0s
public_traffic   [  27% ] 050/100 VUs  04m16.3s/16m00.0s
write_traffic    [  43% ] 5 VUs        04m16.3s/10m0s

running (04m23.9s), 065/115 VUs, 1748 complete and 0 interrupted iterations
auth_traffic     [  43% ] 10 VUs       04m17.3s/10m0s
public_traffic   [  27% ] 050/100 VUs  04m17.3s/16m00.0s
write_traffic    [  43% ] 5 VUs        04m17.3s/10m0s

running (04m24.9s), 065/115 VUs, 1753 complete and 0 interrupted iterations
auth_traffic     [  43% ] 10 VUs       04m18.3s/10m0s
public_traffic   [  27% ] 050/100 VUs  04m18.3s/16m00.0s
write_traffic    [  43% ] 5 VUs        04m18.3s/10m0s

running (04m25.9s), 065/115 VUs, 1765 complete and 0 interrupted iterations
auth_traffic     [  43% ] 10 VUs       04m19.3s/10m0s
public_traffic   [  27% ] 050/100 VUs  04m19.3s/16m00.0s
write_traffic    [  43% ] 5 VUs        04m19.3s/10m0s

running (04m26.9s), 065/115 VUs, 1768 complete and 0 interrupted iterations
auth_traffic     [  43% ] 10 VUs       04m20.3s/10m0s
public_traffic   [  27% ] 050/100 VUs  04m20.3s/16m00.0s
write_traffic    [  43% ] 5 VUs        04m20.3s/10m0s

running (04m27.9s), 065/115 VUs, 1775 complete and 0 interrupted iterations
auth_traffic     [  44% ] 10 VUs       04m21.3s/10m0s
public_traffic   [  27% ] 050/100 VUs  04m21.3s/16m00.0s
write_traffic    [  44% ] 5 VUs        04m21.3s/10m0s

running (04m28.9s), 065/115 VUs, 1785 complete and 0 interrupted iterations
auth_traffic     [  44% ] 10 VUs       04m22.3s/10m0s
public_traffic   [  27% ] 050/100 VUs  04m22.3s/16m00.0s
write_traffic    [  44% ] 5 VUs        04m22.3s/10m0s

running (04m29.9s), 065/115 VUs, 1795 complete and 0 interrupted iterations
auth_traffic     [  44% ] 10 VUs       04m23.3s/10m0s
public_traffic   [  27% ] 050/100 VUs  04m23.3s/16m00.0s
write_traffic    [  44% ] 5 VUs        04m23.3s/10m0s

running (04m30.9s), 065/115 VUs, 1803 complete and 0 interrupted iterations
auth_traffic     [  44% ] 10 VUs       04m24.3s/10m0s
public_traffic   [  28% ] 050/100 VUs  04m24.3s/16m00.0s
write_traffic    [  44% ] 5 VUs        04m24.3s/10m0s

running (04m31.9s), 065/115 VUs, 1813 complete and 0 interrupted iterations
auth_traffic     [  44% ] 10 VUs       04m25.3s/10m0s
public_traffic   [  28% ] 050/100 VUs  04m25.3s/16m00.0s
write_traffic    [  44% ] 5 VUs        04m25.3s/10m0s

running (04m32.9s), 065/115 VUs, 1821 complete and 0 interrupted iterations
auth_traffic     [  44% ] 10 VUs       04m26.4s/10m0s
public_traffic   [  28% ] 050/100 VUs  04m26.4s/16m00.0s
write_traffic    [  44% ] 5 VUs        04m26.4s/10m0s

running (04m33.9s), 065/115 VUs, 1829 complete and 0 interrupted iterations
auth_traffic     [  45% ] 10 VUs       04m27.3s/10m0s
public_traffic   [  28% ] 050/100 VUs  04m27.3s/16m00.0s
write_traffic    [  45% ] 5 VUs        04m27.3s/10m0s

running (04m34.9s), 065/115 VUs, 1834 complete and 0 interrupted iterations
auth_traffic     [  45% ] 10 VUs       04m28.3s/10m0s
public_traffic   [  28% ] 050/100 VUs  04m28.3s/16m00.0s
write_traffic    [  45% ] 5 VUs        04m28.3s/10m0s

running (04m35.9s), 065/115 VUs, 1841 complete and 0 interrupted iterations
auth_traffic     [  45% ] 10 VUs       04m29.3s/10m0s
public_traffic   [  28% ] 050/100 VUs  04m29.3s/16m00.0s
write_traffic    [  45% ] 5 VUs        04m29.3s/10m0s

running (04m36.9s), 065/115 VUs, 1848 complete and 0 interrupted iterations
auth_traffic     [  45% ] 10 VUs       04m30.3s/10m0s
public_traffic   [  28% ] 050/100 VUs  04m30.3s/16m00.0s
write_traffic    [  45% ] 5 VUs        04m30.3s/10m0s

running (04m37.9s), 065/115 VUs, 1859 complete and 0 interrupted iterations
auth_traffic     [  45% ] 10 VUs       04m31.3s/10m0s
public_traffic   [  28% ] 050/100 VUs  04m31.3s/16m00.0s
write_traffic    [  45% ] 5 VUs        04m31.3s/10m0s

running (04m38.9s), 065/115 VUs, 1868 complete and 0 interrupted iterations
auth_traffic     [  45% ] 10 VUs       04m32.3s/10m0s
public_traffic   [  28% ] 050/100 VUs  04m32.3s/16m00.0s
write_traffic    [  45% ] 5 VUs        04m32.3s/10m0s

running (04m39.9s), 065/115 VUs, 1876 complete and 0 interrupted iterations
auth_traffic     [  46% ] 10 VUs       04m33.3s/10m0s
public_traffic   [  28% ] 050/100 VUs  04m33.3s/16m00.0s
write_traffic    [  46% ] 5 VUs        04m33.3s/10m0s

running (04m40.9s), 065/115 VUs, 1881 complete and 0 interrupted iterations
auth_traffic     [  46% ] 10 VUs       04m34.3s/10m0s
public_traffic   [  29% ] 050/100 VUs  04m34.3s/16m00.0s
write_traffic    [  46% ] 5 VUs        04m34.3s/10m0s

running (04m41.9s), 065/115 VUs, 1891 complete and 0 interrupted iterations
auth_traffic     [  46% ] 10 VUs       04m35.3s/10m0s
public_traffic   [  29% ] 050/100 VUs  04m35.3s/16m00.0s
write_traffic    [  46% ] 5 VUs        04m35.3s/10m0s

running (04m42.9s), 065/115 VUs, 1901 complete and 0 interrupted iterations
auth_traffic     [  46% ] 10 VUs       04m36.3s/10m0s
public_traffic   [  29% ] 050/100 VUs  04m36.3s/16m00.0s
write_traffic    [  46% ] 5 VUs        04m36.3s/10m0s

running (04m43.9s), 065/115 VUs, 1909 complete and 0 interrupted iterations
auth_traffic     [  46% ] 10 VUs       04m37.3s/10m0s
public_traffic   [  29% ] 050/100 VUs  04m37.3s/16m00.0s
write_traffic    [  46% ] 5 VUs        04m37.3s/10m0s

running (04m44.9s), 065/115 VUs, 1919 complete and 0 interrupted iterations
auth_traffic     [  46% ] 10 VUs       04m38.3s/10m0s
public_traffic   [  29% ] 050/100 VUs  04m38.3s/16m00.0s
write_traffic    [  46% ] 5 VUs        04m38.3s/10m0s

running (04m45.9s), 065/115 VUs, 1930 complete and 0 interrupted iterations
auth_traffic     [  47% ] 10 VUs       04m39.3s/10m0s
public_traffic   [  29% ] 050/100 VUs  04m39.3s/16m00.0s
write_traffic    [  47% ] 5 VUs        04m39.3s/10m0s

running (04m46.9s), 065/115 VUs, 1940 complete and 0 interrupted iterations
auth_traffic     [  47% ] 10 VUs       04m40.3s/10m0s
public_traffic   [  29% ] 050/100 VUs  04m40.3s/16m00.0s
write_traffic    [  47% ] 5 VUs        04m40.3s/10m0s

running (04m47.9s), 065/115 VUs, 1945 complete and 0 interrupted iterations
auth_traffic     [  47% ] 10 VUs       04m41.4s/10m0s
public_traffic   [  29% ] 050/100 VUs  04m41.4s/16m00.0s
write_traffic    [  47% ] 5 VUs        04m41.4s/10m0s

running (04m48.9s), 065/115 VUs, 1950 complete and 0 interrupted iterations
auth_traffic     [  47% ] 10 VUs       04m42.3s/10m0s
public_traffic   [  29% ] 050/100 VUs  04m42.3s/16m00.0s
write_traffic    [  47% ] 5 VUs        04m42.3s/10m0s

running (04m49.9s), 065/115 VUs, 1954 complete and 0 interrupted iterations
auth_traffic     [  47% ] 10 VUs       04m43.3s/10m0s
public_traffic   [  30% ] 050/100 VUs  04m43.3s/16m00.0s
write_traffic    [  47% ] 5 VUs        04m43.3s/10m0s

running (04m50.9s), 065/115 VUs, 1964 complete and 0 interrupted iterations
auth_traffic     [  47% ] 10 VUs       04m44.3s/10m0s
public_traffic   [  30% ] 050/100 VUs  04m44.3s/16m00.0s
write_traffic    [  47% ] 5 VUs        04m44.3s/10m0s

running (04m51.9s), 065/115 VUs, 1973 complete and 0 interrupted iterations
auth_traffic     [  48% ] 10 VUs       04m45.3s/10m0s
public_traffic   [  30% ] 050/100 VUs  04m45.3s/16m00.0s
write_traffic    [  48% ] 5 VUs        04m45.3s/10m0s

running (04m52.9s), 065/115 VUs, 1978 complete and 0 interrupted iterations
auth_traffic     [  48% ] 10 VUs       04m46.3s/10m0s
public_traffic   [  30% ] 050/100 VUs  04m46.3s/16m00.0s
write_traffic    [  48% ] 5 VUs        04m46.3s/10m0s

running (04m53.9s), 065/115 VUs, 1986 complete and 0 interrupted iterations
auth_traffic     [  48% ] 10 VUs       04m47.3s/10m0s
public_traffic   [  30% ] 050/100 VUs  04m47.3s/16m00.0s
write_traffic    [  48% ] 5 VUs        04m47.3s/10m0s

running (04m54.9s), 065/115 VUs, 1992 complete and 0 interrupted iterations
auth_traffic     [  48% ] 10 VUs       04m48.3s/10m0s
public_traffic   [  30% ] 050/100 VUs  04m48.3s/16m00.0s
write_traffic    [  48% ] 5 VUs        04m48.3s/10m0s

running (04m55.9s), 065/115 VUs, 2003 complete and 0 interrupted iterations
auth_traffic     [  48% ] 10 VUs       04m49.3s/10m0s
public_traffic   [  30% ] 050/100 VUs  04m49.3s/16m00.0s
write_traffic    [  48% ] 5 VUs        04m49.3s/10m0s

running (04m56.9s), 065/115 VUs, 2010 complete and 0 interrupted iterations
auth_traffic     [  48% ] 10 VUs       04m50.3s/10m0s
public_traffic   [  30% ] 050/100 VUs  04m50.3s/16m00.0s
write_traffic    [  48% ] 5 VUs        04m50.3s/10m0s

running (04m57.9s), 065/115 VUs, 2010 complete and 0 interrupted iterations
auth_traffic     [  49% ] 10 VUs       04m51.3s/10m0s
public_traffic   [  30% ] 050/100 VUs  04m51.3s/16m00.0s
write_traffic    [  49% ] 5 VUs        04m51.3s/10m0s

running (04m58.9s), 065/115 VUs, 2013 complete and 0 interrupted iterations
auth_traffic     [  49% ] 10 VUs       04m52.3s/10m0s
public_traffic   [  30% ] 050/100 VUs  04m52.3s/16m00.0s
write_traffic    [  49% ] 5 VUs        04m52.3s/10m0s

running (04m59.9s), 065/115 VUs, 2027 complete and 0 interrupted iterations
auth_traffic     [  49% ] 10 VUs       04m53.3s/10m0s
public_traffic   [  31% ] 050/100 VUs  04m53.3s/16m00.0s
write_traffic    [  49% ] 5 VUs        04m53.3s/10m0s

running (05m00.9s), 065/115 VUs, 2038 complete and 0 interrupted iterations
auth_traffic     [  49% ] 10 VUs       04m54.3s/10m0s
public_traffic   [  31% ] 050/100 VUs  04m54.3s/16m00.0s
write_traffic    [  49% ] 5 VUs        04m54.3s/10m0s

running (05m01.9s), 065/115 VUs, 2050 complete and 0 interrupted iterations
auth_traffic     [  49% ] 10 VUs       04m55.3s/10m0s
public_traffic   [  31% ] 050/100 VUs  04m55.3s/16m00.0s
write_traffic    [  49% ] 5 VUs        04m55.3s/10m0s

running (05m02.9s), 065/115 VUs, 2056 complete and 0 interrupted iterations
auth_traffic     [  49% ] 10 VUs       04m56.3s/10m0s
public_traffic   [  31% ] 050/100 VUs  04m56.3s/16m00.0s
write_traffic    [  49% ] 5 VUs        04m56.3s/10m0s

running (05m03.9s), 065/115 VUs, 2063 complete and 0 interrupted iterations
auth_traffic     [  50% ] 10 VUs       04m57.3s/10m0s
public_traffic   [  31% ] 050/100 VUs  04m57.3s/16m00.0s
write_traffic    [  50% ] 5 VUs        04m57.3s/10m0s

running (05m05.0s), 065/115 VUs, 2069 complete and 0 interrupted iterations
auth_traffic     [  50% ] 10 VUs       04m58.4s/10m0s
public_traffic   [  31% ] 050/100 VUs  04m58.4s/16m00.0s
write_traffic    [  50% ] 5 VUs        04m58.4s/10m0s

running (05m05.9s), 065/115 VUs, 2074 complete and 0 interrupted iterations
auth_traffic     [  50% ] 10 VUs       04m59.3s/10m0s
public_traffic   [  31% ] 050/100 VUs  04m59.3s/16m00.0s
write_traffic    [  50% ] 5 VUs        04m59.3s/10m0s

running (05m06.9s), 065/115 VUs, 2079 complete and 0 interrupted iterations
auth_traffic     [  50% ] 10 VUs       05m00.3s/10m0s
public_traffic   [  31% ] 050/100 VUs  05m00.3s/16m00.0s
write_traffic    [  50% ] 5 VUs        05m00.3s/10m0s

running (05m07.9s), 065/115 VUs, 2086 complete and 0 interrupted iterations
auth_traffic     [  50% ] 10 VUs       05m01.3s/10m0s
public_traffic   [  31% ] 050/100 VUs  05m01.3s/16m00.0s
write_traffic    [  50% ] 5 VUs        05m01.3s/10m0s

running (05m08.9s), 065/115 VUs, 2089 complete and 0 interrupted iterations
auth_traffic     [  50% ] 10 VUs       05m02.3s/10m0s
public_traffic   [  31% ] 050/100 VUs  05m02.3s/16m00.0s
write_traffic    [  50% ] 5 VUs        05m02.3s/10m0s

running (05m09.9s), 065/115 VUs, 2093 complete and 0 interrupted iterations
auth_traffic     [  51% ] 10 VUs       05m03.3s/10m0s
public_traffic   [  32% ] 050/100 VUs  05m03.3s/16m00.0s
write_traffic    [  51% ] 5 VUs        05m03.3s/10m0s

running (05m10.9s), 065/115 VUs, 2095 complete and 0 interrupted iterations
auth_traffic     [  51% ] 10 VUs       05m04.3s/10m0s
public_traffic   [  32% ] 050/100 VUs  05m04.3s/16m00.0s
write_traffic    [  51% ] 5 VUs        05m04.3s/10m0s

running (05m11.9s), 065/115 VUs, 2106 complete and 0 interrupted iterations
auth_traffic     [  51% ] 10 VUs       05m05.3s/10m0s
public_traffic   [  32% ] 050/100 VUs  05m05.3s/16m00.0s
write_traffic    [  51% ] 5 VUs        05m05.3s/10m0s

running (05m12.9s), 065/115 VUs, 2121 complete and 0 interrupted iterations
auth_traffic     [  51% ] 10 VUs       05m06.3s/10m0s
public_traffic   [  32% ] 050/100 VUs  05m06.3s/16m00.0s
write_traffic    [  51% ] 5 VUs        05m06.3s/10m0s

running (05m13.9s), 065/115 VUs, 2134 complete and 0 interrupted iterations
auth_traffic     [  51% ] 10 VUs       05m07.3s/10m0s
public_traffic   [  32% ] 050/100 VUs  05m07.3s/16m00.0s
write_traffic    [  51% ] 5 VUs        05m07.3s/10m0s

running (05m14.9s), 065/115 VUs, 2143 complete and 0 interrupted iterations
auth_traffic     [  51% ] 10 VUs       05m08.3s/10m0s
public_traffic   [  32% ] 050/100 VUs  05m08.3s/16m00.0s
write_traffic    [  51% ] 5 VUs        05m08.3s/10m0s

running (05m15.9s), 065/115 VUs, 2153 complete and 0 interrupted iterations
auth_traffic     [  52% ] 10 VUs       05m09.3s/10m0s
public_traffic   [  32% ] 050/100 VUs  05m09.3s/16m00.0s
write_traffic    [  52% ] 5 VUs        05m09.3s/10m0s

running (05m16.9s), 065/115 VUs, 2157 complete and 0 interrupted iterations
auth_traffic     [  52% ] 10 VUs       05m10.3s/10m0s
public_traffic   [  32% ] 050/100 VUs  05m10.3s/16m00.0s
write_traffic    [  52% ] 5 VUs        05m10.3s/10m0s

running (05m17.9s), 065/115 VUs, 2160 complete and 0 interrupted iterations
auth_traffic     [  52% ] 10 VUs       05m11.3s/10m0s
public_traffic   [  32% ] 050/100 VUs  05m11.3s/16m00.0s
write_traffic    [  52% ] 5 VUs        05m11.3s/10m0s

running (05m18.9s), 065/115 VUs, 2162 complete and 0 interrupted iterations
auth_traffic     [  52% ] 10 VUs       05m12.3s/10m0s
public_traffic   [  33% ] 050/100 VUs  05m12.3s/16m00.0s
write_traffic    [  52% ] 5 VUs        05m12.3s/10m0s

running (05m19.9s), 065/115 VUs, 2172 complete and 0 interrupted iterations
auth_traffic     [  52% ] 10 VUs       05m13.3s/10m0s
public_traffic   [  33% ] 050/100 VUs  05m13.3s/16m00.0s
write_traffic    [  52% ] 5 VUs        05m13.3s/10m0s

running (05m20.9s), 065/115 VUs, 2187 complete and 0 interrupted iterations
auth_traffic     [  52% ] 10 VUs       05m14.3s/10m0s
public_traffic   [  33% ] 050/100 VUs  05m14.3s/16m00.0s
write_traffic    [  52% ] 5 VUs        05m14.3s/10m0s

running (05m21.9s), 065/115 VUs, 2201 complete and 0 interrupted iterations
auth_traffic     [  53% ] 10 VUs       05m15.3s/10m0s
public_traffic   [  33% ] 050/100 VUs  05m15.3s/16m00.0s
write_traffic    [  53% ] 5 VUs        05m15.3s/10m0s

running (05m22.9s), 065/115 VUs, 2210 complete and 0 interrupted iterations
auth_traffic     [  53% ] 10 VUs       05m16.3s/10m0s
public_traffic   [  33% ] 050/100 VUs  05m16.3s/16m00.0s
write_traffic    [  53% ] 5 VUs        05m16.3s/10m0s

running (05m23.9s), 065/115 VUs, 2216 complete and 0 interrupted iterations
auth_traffic     [  53% ] 10 VUs       05m17.3s/10m0s
public_traffic   [  33% ] 050/100 VUs  05m17.3s/16m00.0s
write_traffic    [  53% ] 5 VUs        05m17.3s/10m0s

running (05m24.9s), 065/115 VUs, 2227 complete and 0 interrupted iterations
auth_traffic     [  53% ] 10 VUs       05m18.3s/10m0s
public_traffic   [  33% ] 050/100 VUs  05m18.3s/16m00.0s
write_traffic    [  53% ] 5 VUs        05m18.3s/10m0s

running (05m25.9s), 065/115 VUs, 2230 complete and 0 interrupted iterations
auth_traffic     [  53% ] 10 VUs       05m19.3s/10m0s
public_traffic   [  33% ] 050/100 VUs  05m19.3s/16m00.0s
write_traffic    [  53% ] 5 VUs        05m19.3s/10m0s

running (05m26.9s), 065/115 VUs, 2233 complete and 0 interrupted iterations
auth_traffic     [  53% ] 10 VUs       05m20.3s/10m0s
public_traffic   [  33% ] 050/100 VUs  05m20.3s/16m00.0s
write_traffic    [  53% ] 5 VUs        05m20.3s/10m0s

running (05m27.9s), 065/115 VUs, 2239 complete and 0 interrupted iterations
auth_traffic     [  54% ] 10 VUs       05m21.3s/10m0s
public_traffic   [  33% ] 050/100 VUs  05m21.3s/16m00.0s
write_traffic    [  54% ] 5 VUs        05m21.3s/10m0s

running (05m28.9s), 065/115 VUs, 2251 complete and 0 interrupted iterations
auth_traffic     [  54% ] 10 VUs       05m22.3s/10m0s
public_traffic   [  34% ] 050/100 VUs  05m22.3s/16m00.0s
write_traffic    [  54% ] 5 VUs        05m22.3s/10m0s

running (05m29.9s), 065/115 VUs, 2265 complete and 0 interrupted iterations
auth_traffic     [  54% ] 10 VUs       05m23.3s/10m0s
public_traffic   [  34% ] 050/100 VUs  05m23.3s/16m00.0s
write_traffic    [  54% ] 5 VUs        05m23.3s/10m0s

running (05m30.9s), 065/115 VUs, 2277 complete and 0 interrupted iterations
auth_traffic     [  54% ] 10 VUs       05m24.3s/10m0s
public_traffic   [  34% ] 050/100 VUs  05m24.3s/16m00.0s
write_traffic    [  54% ] 5 VUs        05m24.3s/10m0s

running (05m31.9s), 065/115 VUs, 2286 complete and 0 interrupted iterations
auth_traffic     [  54% ] 10 VUs       05m25.3s/10m0s
public_traffic   [  34% ] 050/100 VUs  05m25.3s/16m00.0s
write_traffic    [  54% ] 5 VUs        05m25.3s/10m0s

running (05m32.9s), 065/115 VUs, 2291 complete and 0 interrupted iterations
auth_traffic     [  54% ] 10 VUs       05m26.3s/10m0s
public_traffic   [  34% ] 050/100 VUs  05m26.3s/16m00.0s
write_traffic    [  54% ] 5 VUs        05m26.3s/10m0s

running (05m33.9s), 065/115 VUs, 2300 complete and 0 interrupted iterations
auth_traffic     [  55% ] 10 VUs       05m27.3s/10m0s
public_traffic   [  34% ] 050/100 VUs  05m27.3s/16m00.0s
write_traffic    [  55% ] 5 VUs        05m27.3s/10m0s

running (05m34.9s), 065/115 VUs, 2301 complete and 0 interrupted iterations
auth_traffic     [  55% ] 10 VUs       05m28.3s/10m0s
public_traffic   [  34% ] 050/100 VUs  05m28.3s/16m00.0s
write_traffic    [  55% ] 5 VUs        05m28.3s/10m0s

running (05m35.9s), 065/115 VUs, 2304 complete and 0 interrupted iterations
auth_traffic     [  55% ] 10 VUs       05m29.3s/10m0s
public_traffic   [  34% ] 050/100 VUs  05m29.3s/16m00.0s
write_traffic    [  55% ] 5 VUs        05m29.3s/10m0s

running (05m36.9s), 065/115 VUs, 2310 complete and 0 interrupted iterations
auth_traffic     [  55% ] 10 VUs       05m30.4s/10m0s
public_traffic   [  34% ] 050/100 VUs  05m30.4s/16m00.0s
write_traffic    [  55% ] 5 VUs        05m30.4s/10m0s

running (05m37.9s), 065/115 VUs, 2312 complete and 0 interrupted iterations
auth_traffic     [  55% ] 10 VUs       05m31.3s/10m0s
public_traffic   [  35% ] 050/100 VUs  05m31.3s/16m00.0s
write_traffic    [  55% ] 5 VUs        05m31.3s/10m0s

running (05m38.9s), 065/115 VUs, 2320 complete and 0 interrupted iterations
auth_traffic     [  55% ] 10 VUs       05m32.3s/10m0s
public_traffic   [  35% ] 050/100 VUs  05m32.3s/16m00.0s
write_traffic    [  55% ] 5 VUs        05m32.3s/10m0s

running (05m39.9s), 065/115 VUs, 2328 complete and 0 interrupted iterations
auth_traffic     [  56% ] 10 VUs       05m33.3s/10m0s
public_traffic   [  35% ] 050/100 VUs  05m33.3s/16m00.0s
write_traffic    [  56% ] 5 VUs        05m33.3s/10m0s

running (05m40.9s), 065/115 VUs, 2337 complete and 0 interrupted iterations
auth_traffic     [  56% ] 10 VUs       05m34.3s/10m0s
public_traffic   [  35% ] 050/100 VUs  05m34.3s/16m00.0s
write_traffic    [  56% ] 5 VUs        05m34.3s/10m0s

running (05m41.9s), 065/115 VUs, 2348 complete and 0 interrupted iterations
auth_traffic     [  56% ] 10 VUs       05m35.3s/10m0s
public_traffic   [  35% ] 050/100 VUs  05m35.3s/16m00.0s
write_traffic    [  56% ] 5 VUs        05m35.3s/10m0s

running (05m42.9s), 065/115 VUs, 2360 complete and 0 interrupted iterations
auth_traffic     [  56% ] 10 VUs       05m36.3s/10m0s
public_traffic   [  35% ] 050/100 VUs  05m36.3s/16m00.0s
write_traffic    [  56% ] 5 VUs        05m36.3s/10m0s

running (05m43.9s), 065/115 VUs, 2368 complete and 0 interrupted iterations
auth_traffic     [  56% ] 10 VUs       05m37.3s/10m0s
public_traffic   [  35% ] 050/100 VUs  05m37.3s/16m00.0s
write_traffic    [  56% ] 5 VUs        05m37.3s/10m0s

running (05m44.9s), 065/115 VUs, 2381 complete and 0 interrupted iterations
auth_traffic     [  56% ] 10 VUs       05m38.3s/10m0s
public_traffic   [  35% ] 050/100 VUs  05m38.3s/16m00.0s
write_traffic    [  56% ] 5 VUs        05m38.3s/10m0s

running (05m45.9s), 065/115 VUs, 2387 complete and 0 interrupted iterations
auth_traffic     [  57% ] 10 VUs       05m39.3s/10m0s
public_traffic   [  35% ] 050/100 VUs  05m39.3s/16m00.0s
write_traffic    [  57% ] 5 VUs        05m39.3s/10m0s

running (05m46.9s), 065/115 VUs, 2396 complete and 0 interrupted iterations
auth_traffic     [  57% ] 10 VUs       05m40.3s/10m0s
public_traffic   [  35% ] 050/100 VUs  05m40.3s/16m00.0s
write_traffic    [  57% ] 5 VUs        05m40.3s/10m0s

running (05m47.9s), 065/115 VUs, 2400 complete and 0 interrupted iterations
auth_traffic     [  57% ] 10 VUs       05m41.4s/10m0s
public_traffic   [  36% ] 050/100 VUs  05m41.4s/16m00.0s
write_traffic    [  57% ] 5 VUs        05m41.4s/10m0s

running (05m48.9s), 065/115 VUs, 2405 complete and 0 interrupted iterations
auth_traffic     [  57% ] 10 VUs       05m42.3s/10m0s
public_traffic   [  36% ] 050/100 VUs  05m42.3s/16m00.0s
write_traffic    [  57% ] 5 VUs        05m42.3s/10m0s

running (05m49.9s), 065/115 VUs, 2413 complete and 0 interrupted iterations
auth_traffic     [  57% ] 10 VUs       05m43.3s/10m0s
public_traffic   [  36% ] 050/100 VUs  05m43.3s/16m00.0s
write_traffic    [  57% ] 5 VUs        05m43.3s/10m0s

running (05m50.9s), 065/115 VUs, 2423 complete and 0 interrupted iterations
auth_traffic     [  57% ] 10 VUs       05m44.3s/10m0s
public_traffic   [  36% ] 050/100 VUs  05m44.3s/16m00.0s
write_traffic    [  57% ] 5 VUs        05m44.3s/10m0s

running (05m51.9s), 065/115 VUs, 2431 complete and 0 interrupted iterations
auth_traffic     [  58% ] 10 VUs       05m45.3s/10m0s
public_traffic   [  36% ] 050/100 VUs  05m45.3s/16m00.0s
write_traffic    [  58% ] 5 VUs        05m45.3s/10m0s

running (05m52.9s), 065/115 VUs, 2433 complete and 0 interrupted iterations
auth_traffic     [  58% ] 10 VUs       05m46.3s/10m0s
public_traffic   [  36% ] 050/100 VUs  05m46.3s/16m00.0s
write_traffic    [  58% ] 5 VUs        05m46.3s/10m0s

running (05m53.9s), 065/115 VUs, 2438 complete and 0 interrupted iterations
auth_traffic     [  58% ] 10 VUs       05m47.3s/10m0s
public_traffic   [  36% ] 050/100 VUs  05m47.3s/16m00.0s
write_traffic    [  58% ] 5 VUs        05m47.3s/10m0s

running (05m54.9s), 065/115 VUs, 2447 complete and 0 interrupted iterations
auth_traffic     [  58% ] 10 VUs       05m48.3s/10m0s
public_traffic   [  36% ] 050/100 VUs  05m48.3s/16m00.0s
write_traffic    [  58% ] 5 VUs        05m48.3s/10m0s

running (05m55.9s), 065/115 VUs, 2454 complete and 0 interrupted iterations
auth_traffic     [  58% ] 10 VUs       05m49.3s/10m0s
public_traffic   [  36% ] 050/100 VUs  05m49.3s/16m00.0s
write_traffic    [  58% ] 5 VUs        05m49.3s/10m0s

running (05m56.9s), 065/115 VUs, 2460 complete and 0 interrupted iterations
auth_traffic     [  58% ] 10 VUs       05m50.3s/10m0s
public_traffic   [  36% ] 050/100 VUs  05m50.3s/16m00.0s
write_traffic    [  58% ] 5 VUs        05m50.3s/10m0s

running (05m57.9s), 065/115 VUs, 2471 complete and 0 interrupted iterations
auth_traffic     [  59% ] 10 VUs       05m51.3s/10m0s
public_traffic   [  37% ] 050/100 VUs  05m51.3s/16m00.0s
write_traffic    [  59% ] 5 VUs        05m51.3s/10m0s

running (05m58.9s), 065/115 VUs, 2486 complete and 0 interrupted iterations
auth_traffic     [  59% ] 10 VUs       05m52.3s/10m0s
public_traffic   [  37% ] 050/100 VUs  05m52.3s/16m00.0s
write_traffic    [  59% ] 5 VUs        05m52.3s/10m0s

running (05m59.9s), 065/115 VUs, 2497 complete and 0 interrupted iterations
auth_traffic     [  59% ] 10 VUs       05m53.3s/10m0s
public_traffic   [  37% ] 050/100 VUs  05m53.3s/16m00.0s
write_traffic    [  59% ] 5 VUs        05m53.3s/10m0s

running (06m00.9s), 065/115 VUs, 2501 complete and 0 interrupted iterations
auth_traffic     [  59% ] 10 VUs       05m54.3s/10m0s
public_traffic   [  37% ] 050/100 VUs  05m54.3s/16m00.0s
write_traffic    [  59% ] 5 VUs        05m54.3s/10m0s

running (06m01.9s), 065/115 VUs, 2503 complete and 0 interrupted iterations
auth_traffic     [  59% ] 10 VUs       05m55.3s/10m0s
public_traffic   [  37% ] 050/100 VUs  05m55.3s/16m00.0s
write_traffic    [  59% ] 5 VUs        05m55.3s/10m0s

running (06m02.9s), 065/115 VUs, 2508 complete and 0 interrupted iterations
auth_traffic     [  59% ] 10 VUs       05m56.3s/10m0s
public_traffic   [  37% ] 050/100 VUs  05m56.3s/16m00.0s
write_traffic    [  59% ] 5 VUs        05m56.3s/10m0s

running (06m03.9s), 065/115 VUs, 2516 complete and 0 interrupted iterations
auth_traffic     [  60% ] 10 VUs       05m57.3s/10m0s
public_traffic   [  37% ] 050/100 VUs  05m57.3s/16m00.0s
write_traffic    [  60% ] 5 VUs        05m57.3s/10m0s

running (06m04.9s), 065/115 VUs, 2525 complete and 0 interrupted iterations
auth_traffic     [  60% ] 10 VUs       05m58.3s/10m0s
public_traffic   [  37% ] 050/100 VUs  05m58.3s/16m00.0s
write_traffic    [  60% ] 5 VUs        05m58.3s/10m0s

running (06m05.9s), 065/115 VUs, 2528 complete and 0 interrupted iterations
auth_traffic     [  60% ] 10 VUs       05m59.3s/10m0s
public_traffic   [  37% ] 050/100 VUs  05m59.3s/16m00.0s
write_traffic    [  60% ] 5 VUs        05m59.3s/10m0s

running (06m06.9s), 065/115 VUs, 2531 complete and 0 interrupted iterations
auth_traffic     [  60% ] 10 VUs       06m00.3s/10m0s
public_traffic   [  38% ] 050/100 VUs  06m00.3s/16m00.0s
write_traffic    [  60% ] 5 VUs        06m00.3s/10m0s

running (06m07.9s), 065/115 VUs, 2538 complete and 0 interrupted iterations
auth_traffic     [  60% ] 10 VUs       06m01.3s/10m0s
public_traffic   [  38% ] 050/100 VUs  06m01.3s/16m00.0s
write_traffic    [  60% ] 5 VUs        06m01.3s/10m0s

running (06m08.9s), 065/115 VUs, 2552 complete and 0 interrupted iterations
auth_traffic     [  60% ] 10 VUs       06m02.3s/10m0s
public_traffic   [  38% ] 050/100 VUs  06m02.3s/16m00.0s
write_traffic    [  60% ] 5 VUs        06m02.3s/10m0s

running (06m09.9s), 065/115 VUs, 2563 complete and 0 interrupted iterations
auth_traffic     [  61% ] 10 VUs       06m03.3s/10m0s
public_traffic   [  38% ] 050/100 VUs  06m03.3s/16m00.0s
write_traffic    [  61% ] 5 VUs        06m03.3s/10m0s

running (06m10.9s), 065/115 VUs, 2570 complete and 0 interrupted iterations
auth_traffic     [  61% ] 10 VUs       06m04.3s/10m0s
public_traffic   [  38% ] 050/100 VUs  06m04.3s/16m00.0s
write_traffic    [  61% ] 5 VUs        06m04.3s/10m0s

running (06m11.9s), 065/115 VUs, 2575 complete and 0 interrupted iterations
auth_traffic     [  61% ] 10 VUs       06m05.3s/10m0s
public_traffic   [  38% ] 050/100 VUs  06m05.3s/16m00.0s
write_traffic    [  61% ] 5 VUs        06m05.3s/10m0s

running (06m12.9s), 065/115 VUs, 2584 complete and 0 interrupted iterations
auth_traffic     [  61% ] 10 VUs       06m06.3s/10m0s
public_traffic   [  38% ] 050/100 VUs  06m06.3s/16m00.0s
write_traffic    [  61% ] 5 VUs        06m06.3s/10m0s

running (06m13.9s), 065/115 VUs, 2589 complete and 0 interrupted iterations
auth_traffic     [  61% ] 10 VUs       06m07.3s/10m0s
public_traffic   [  38% ] 050/100 VUs  06m07.3s/16m00.0s
write_traffic    [  61% ] 5 VUs        06m07.3s/10m0s

running (06m14.9s), 065/115 VUs, 2593 complete and 0 interrupted iterations
auth_traffic     [  61% ] 10 VUs       06m08.3s/10m0s
public_traffic   [  38% ] 050/100 VUs  06m08.3s/16m00.0s
write_traffic    [  61% ] 5 VUs        06m08.3s/10m0s

running (06m15.9s), 065/115 VUs, 2599 complete and 0 interrupted iterations
auth_traffic     [  62% ] 10 VUs       06m09.3s/10m0s
public_traffic   [  38% ] 050/100 VUs  06m09.3s/16m00.0s
write_traffic    [  62% ] 5 VUs        06m09.3s/10m0s

running (06m16.9s), 065/115 VUs, 2604 complete and 0 interrupted iterations
auth_traffic     [  62% ] 10 VUs       06m10.3s/10m0s
public_traffic   [  39% ] 050/100 VUs  06m10.3s/16m00.0s
write_traffic    [  62% ] 5 VUs        06m10.3s/10m0s

running (06m17.9s), 065/115 VUs, 2619 complete and 0 interrupted iterations
auth_traffic     [  62% ] 10 VUs       06m11.3s/10m0s
public_traffic   [  39% ] 050/100 VUs  06m11.3s/16m00.0s
write_traffic    [  62% ] 5 VUs        06m11.3s/10m0s

running (06m18.9s), 065/115 VUs, 2623 complete and 0 interrupted iterations
auth_traffic     [  62% ] 10 VUs       06m12.3s/10m0s
public_traffic   [  39% ] 050/100 VUs  06m12.3s/16m00.0s
write_traffic    [  62% ] 5 VUs        06m12.3s/10m0s

running (06m19.9s), 065/115 VUs, 2632 complete and 0 interrupted iterations
auth_traffic     [  62% ] 10 VUs       06m13.3s/10m0s
public_traffic   [  39% ] 050/100 VUs  06m13.3s/16m00.0s
write_traffic    [  62% ] 5 VUs        06m13.3s/10m0s

running (06m20.9s), 065/115 VUs, 2641 complete and 0 interrupted iterations
auth_traffic     [  62% ] 10 VUs       06m14.3s/10m0s
public_traffic   [  39% ] 050/100 VUs  06m14.3s/16m00.0s
write_traffic    [  62% ] 5 VUs        06m14.3s/10m0s

running (06m21.9s), 065/115 VUs, 2648 complete and 0 interrupted iterations
auth_traffic     [  63% ] 10 VUs       06m15.3s/10m0s
public_traffic   [  39% ] 050/100 VUs  06m15.3s/16m00.0s
write_traffic    [  63% ] 5 VUs        06m15.3s/10m0s

running (06m22.9s), 065/115 VUs, 2658 complete and 0 interrupted iterations
auth_traffic     [  63% ] 10 VUs       06m16.3s/10m0s
public_traffic   [  39% ] 050/100 VUs  06m16.3s/16m00.0s
write_traffic    [  63% ] 5 VUs        06m16.3s/10m0s

running (06m23.9s), 065/115 VUs, 2661 complete and 0 interrupted iterations
auth_traffic     [  63% ] 10 VUs       06m17.3s/10m0s
public_traffic   [  39% ] 050/100 VUs  06m17.3s/16m00.0s
write_traffic    [  63% ] 5 VUs        06m17.3s/10m0s

running (06m24.9s), 065/115 VUs, 2668 complete and 0 interrupted iterations
auth_traffic     [  63% ] 10 VUs       06m18.3s/10m0s
public_traffic   [  39% ] 050/100 VUs  06m18.3s/16m00.0s
write_traffic    [  63% ] 5 VUs        06m18.3s/10m0s

running (06m25.9s), 065/115 VUs, 2671 complete and 0 interrupted iterations
auth_traffic     [  63% ] 10 VUs       06m19.3s/10m0s
public_traffic   [  40% ] 050/100 VUs  06m19.3s/16m00.0s
write_traffic    [  63% ] 5 VUs        06m19.3s/10m0s

running (06m26.9s), 065/115 VUs, 2676 complete and 0 interrupted iterations
auth_traffic     [  63% ] 10 VUs       06m20.3s/10m0s
public_traffic   [  40% ] 050/100 VUs  06m20.3s/16m00.0s
write_traffic    [  63% ] 5 VUs        06m20.3s/10m0s

running (06m27.9s), 065/115 VUs, 2681 complete and 0 interrupted iterations
auth_traffic     [  64% ] 10 VUs       06m21.3s/10m0s
public_traffic   [  40% ] 050/100 VUs  06m21.3s/16m00.0s
write_traffic    [  64% ] 5 VUs        06m21.3s/10m0s

running (06m28.9s), 065/115 VUs, 2685 complete and 0 interrupted iterations
auth_traffic     [  64% ] 10 VUs       06m22.3s/10m0s
public_traffic   [  40% ] 050/100 VUs  06m22.3s/16m00.0s
write_traffic    [  64% ] 5 VUs        06m22.3s/10m0s

running (06m29.9s), 065/115 VUs, 2694 complete and 0 interrupted iterations
auth_traffic     [  64% ] 10 VUs       06m23.3s/10m0s
public_traffic   [  40% ] 050/100 VUs  06m23.3s/16m00.0s
write_traffic    [  64% ] 5 VUs        06m23.3s/10m0s

running (06m30.9s), 065/115 VUs, 2710 complete and 0 interrupted iterations
auth_traffic     [  64% ] 10 VUs       06m24.3s/10m0s
public_traffic   [  40% ] 050/100 VUs  06m24.3s/16m00.0s
write_traffic    [  64% ] 5 VUs        06m24.3s/10m0s

running (06m31.9s), 065/115 VUs, 2714 complete and 0 interrupted iterations
auth_traffic     [  64% ] 10 VUs       06m25.4s/10m0s
public_traffic   [  40% ] 050/100 VUs  06m25.4s/16m00.0s
write_traffic    [  64% ] 5 VUs        06m25.4s/10m0s

running (06m32.9s), 065/115 VUs, 2718 complete and 0 interrupted iterations
auth_traffic     [  64% ] 10 VUs       06m26.3s/10m0s
public_traffic   [  40% ] 050/100 VUs  06m26.3s/16m00.0s
write_traffic    [  64% ] 5 VUs        06m26.3s/10m0s

running (06m33.9s), 065/115 VUs, 2725 complete and 0 interrupted iterations
auth_traffic     [  65% ] 10 VUs       06m27.3s/10m0s
public_traffic   [  40% ] 050/100 VUs  06m27.3s/16m00.0s
write_traffic    [  65% ] 5 VUs        06m27.3s/10m0s

running (06m34.9s), 065/115 VUs, 2731 complete and 0 interrupted iterations
auth_traffic     [  65% ] 10 VUs       06m28.3s/10m0s
public_traffic   [  40% ] 050/100 VUs  06m28.3s/16m00.0s
write_traffic    [  65% ] 5 VUs        06m28.3s/10m0s

running (06m35.9s), 065/115 VUs, 2735 complete and 0 interrupted iterations
auth_traffic     [  65% ] 10 VUs       06m29.3s/10m0s
public_traffic   [  41% ] 050/100 VUs  06m29.3s/16m00.0s
write_traffic    [  65% ] 5 VUs        06m29.3s/10m0s

running (06m36.9s), 065/115 VUs, 2743 complete and 0 interrupted iterations
auth_traffic     [  65% ] 10 VUs       06m30.3s/10m0s
public_traffic   [  41% ] 050/100 VUs  06m30.3s/16m00.0s
write_traffic    [  65% ] 5 VUs        06m30.3s/10m0s

running (06m37.9s), 065/115 VUs, 2746 complete and 0 interrupted iterations
auth_traffic     [  65% ] 10 VUs       06m31.3s/10m0s
public_traffic   [  41% ] 050/100 VUs  06m31.3s/16m00.0s
write_traffic    [  65% ] 5 VUs        06m31.3s/10m0s

running (06m38.9s), 065/115 VUs, 2753 complete and 0 interrupted iterations
auth_traffic     [  65% ] 10 VUs       06m32.3s/10m0s
public_traffic   [  41% ] 050/100 VUs  06m32.3s/16m00.0s
write_traffic    [  65% ] 5 VUs        06m32.3s/10m0s

running (06m39.9s), 065/115 VUs, 2765 complete and 0 interrupted iterations
auth_traffic     [  66% ] 10 VUs       06m33.3s/10m0s
public_traffic   [  41% ] 050/100 VUs  06m33.3s/16m00.0s
write_traffic    [  66% ] 5 VUs        06m33.3s/10m0s

running (06m40.9s), 065/115 VUs, 2774 complete and 0 interrupted iterations
auth_traffic     [  66% ] 10 VUs       06m34.3s/10m0s
public_traffic   [  41% ] 050/100 VUs  06m34.3s/16m00.0s
write_traffic    [  66% ] 5 VUs        06m34.3s/10m0s

running (06m41.9s), 065/115 VUs, 2788 complete and 0 interrupted iterations
auth_traffic     [  66% ] 10 VUs       06m35.4s/10m0s
public_traffic   [  41% ] 050/100 VUs  06m35.4s/16m00.0s
write_traffic    [  66% ] 5 VUs        06m35.4s/10m0s

running (06m42.9s), 065/115 VUs, 2792 complete and 0 interrupted iterations
auth_traffic     [  66% ] 10 VUs       06m36.3s/10m0s
public_traffic   [  41% ] 050/100 VUs  06m36.3s/16m00.0s
write_traffic    [  66% ] 5 VUs        06m36.3s/10m0s

running (06m43.9s), 065/115 VUs, 2798 complete and 0 interrupted iterations
auth_traffic     [  66% ] 10 VUs       06m37.3s/10m0s
public_traffic   [  41% ] 050/100 VUs  06m37.3s/16m00.0s
write_traffic    [  66% ] 5 VUs        06m37.3s/10m0s

running (06m44.9s), 065/115 VUs, 2801 complete and 0 interrupted iterations
auth_traffic     [  66% ] 10 VUs       06m38.3s/10m0s
public_traffic   [  41% ] 050/100 VUs  06m38.3s/16m00.0s
write_traffic    [  66% ] 5 VUs        06m38.3s/10m0s

running (06m46.0s), 065/115 VUs, 2807 complete and 0 interrupted iterations
auth_traffic     [  67% ] 10 VUs       06m39.4s/10m0s
public_traffic   [  42% ] 050/100 VUs  06m39.4s/16m00.0s
write_traffic    [  67% ] 5 VUs        06m39.4s/10m0s

running (06m46.9s), 065/115 VUs, 2811 complete and 0 interrupted iterations
auth_traffic     [  67% ] 10 VUs       06m40.4s/10m0s
public_traffic   [  42% ] 050/100 VUs  06m40.4s/16m00.0s
write_traffic    [  67% ] 5 VUs        06m40.4s/10m0s

running (06m47.9s), 065/115 VUs, 2816 complete and 0 interrupted iterations
auth_traffic     [  67% ] 10 VUs       06m41.3s/10m0s
public_traffic   [  42% ] 050/100 VUs  06m41.3s/16m00.0s
write_traffic    [  67% ] 5 VUs        06m41.3s/10m0s

running (06m48.9s), 065/115 VUs, 2817 complete and 0 interrupted iterations
auth_traffic     [  67% ] 10 VUs       06m42.3s/10m0s
public_traffic   [  42% ] 050/100 VUs  06m42.3s/16m00.0s
write_traffic    [  67% ] 5 VUs        06m42.3s/10m0s

running (06m49.9s), 065/115 VUs, 2820 complete and 0 interrupted iterations
auth_traffic     [  67% ] 10 VUs       06m43.3s/10m0s
public_traffic   [  42% ] 050/100 VUs  06m43.3s/16m00.0s
write_traffic    [  67% ] 5 VUs        06m43.3s/10m0s

running (06m50.9s), 065/115 VUs, 2823 complete and 0 interrupted iterations
auth_traffic     [  67% ] 10 VUs       06m44.3s/10m0s
public_traffic   [  42% ] 050/100 VUs  06m44.3s/16m00.0s
write_traffic    [  67% ] 5 VUs        06m44.3s/10m0s

running (06m51.9s), 065/115 VUs, 2827 complete and 0 interrupted iterations
auth_traffic     [  68% ] 10 VUs       06m45.3s/10m0s
public_traffic   [  42% ] 050/100 VUs  06m45.3s/16m00.0s
write_traffic    [  68% ] 5 VUs        06m45.3s/10m0s

running (06m52.9s), 065/115 VUs, 2834 complete and 0 interrupted iterations
auth_traffic     [  68% ] 10 VUs       06m46.3s/10m0s
public_traffic   [  42% ] 050/100 VUs  06m46.3s/16m00.0s
write_traffic    [  68% ] 5 VUs        06m46.3s/10m0s

running (06m53.9s), 065/115 VUs, 2838 complete and 0 interrupted iterations
auth_traffic     [  68% ] 10 VUs       06m47.3s/10m0s
public_traffic   [  42% ] 050/100 VUs  06m47.3s/16m00.0s
write_traffic    [  68% ] 5 VUs        06m47.3s/10m0s

running (06m54.9s), 065/115 VUs, 2840 complete and 0 interrupted iterations
auth_traffic     [  68% ] 10 VUs       06m48.3s/10m0s
public_traffic   [  43% ] 050/100 VUs  06m48.3s/16m00.0s
write_traffic    [  68% ] 5 VUs        06m48.3s/10m0s

running (06m55.9s), 065/115 VUs, 2845 complete and 0 interrupted iterations
auth_traffic     [  68% ] 10 VUs       06m49.3s/10m0s
public_traffic   [  43% ] 050/100 VUs  06m49.3s/16m00.0s
write_traffic    [  68% ] 5 VUs        06m49.3s/10m0s

running (06m56.9s), 065/115 VUs, 2850 complete and 0 interrupted iterations
auth_traffic     [  68% ] 10 VUs       06m50.4s/10m0s
public_traffic   [  43% ] 050/100 VUs  06m50.4s/16m00.0s
write_traffic    [  68% ] 5 VUs        06m50.4s/10m0s

running (06m57.9s), 065/115 VUs, 2861 complete and 0 interrupted iterations
auth_traffic     [  69% ] 10 VUs       06m51.3s/10m0s
public_traffic   [  43% ] 050/100 VUs  06m51.3s/16m00.0s
write_traffic    [  69% ] 5 VUs        06m51.3s/10m0s

running (06m58.9s), 065/115 VUs, 2878 complete and 0 interrupted iterations
auth_traffic     [  69% ] 10 VUs       06m52.3s/10m0s
public_traffic   [  43% ] 050/100 VUs  06m52.3s/16m00.0s
write_traffic    [  69% ] 5 VUs        06m52.3s/10m0s

running (06m59.9s), 065/115 VUs, 2886 complete and 0 interrupted iterations
auth_traffic     [  69% ] 10 VUs       06m53.3s/10m0s
public_traffic   [  43% ] 050/100 VUs  06m53.3s/16m00.0s
write_traffic    [  69% ] 5 VUs        06m53.3s/10m0s

running (07m00.9s), 065/115 VUs, 2896 complete and 0 interrupted iterations
auth_traffic     [  69% ] 10 VUs       06m54.3s/10m0s
public_traffic   [  43% ] 050/100 VUs  06m54.3s/16m00.0s
write_traffic    [  69% ] 5 VUs        06m54.3s/10m0s

running (07m01.9s), 065/115 VUs, 2901 complete and 0 interrupted iterations
auth_traffic     [  69% ] 10 VUs       06m55.3s/10m0s
public_traffic   [  43% ] 050/100 VUs  06m55.3s/16m00.0s
write_traffic    [  69% ] 5 VUs        06m55.3s/10m0s

running (07m02.9s), 065/115 VUs, 2905 complete and 0 interrupted iterations
auth_traffic     [  69% ] 10 VUs       06m56.3s/10m0s
public_traffic   [  43% ] 050/100 VUs  06m56.3s/16m00.0s
write_traffic    [  69% ] 5 VUs        06m56.3s/10m0s

running (07m03.9s), 065/115 VUs, 2906 complete and 0 interrupted iterations
auth_traffic     [  70% ] 10 VUs       06m57.3s/10m0s
public_traffic   [  43% ] 050/100 VUs  06m57.3s/16m00.0s
write_traffic    [  70% ] 5 VUs        06m57.3s/10m0s

running (07m04.9s), 065/115 VUs, 2910 complete and 0 interrupted iterations
auth_traffic     [  70% ] 10 VUs       06m58.3s/10m0s
public_traffic   [  44% ] 050/100 VUs  06m58.3s/16m00.0s
write_traffic    [  70% ] 5 VUs        06m58.3s/10m0s

running (07m05.9s), 065/115 VUs, 2914 complete and 0 interrupted iterations
auth_traffic     [  70% ] 10 VUs       06m59.3s/10m0s
public_traffic   [  44% ] 050/100 VUs  06m59.3s/16m00.0s
write_traffic    [  70% ] 5 VUs        06m59.3s/10m0s

running (07m06.9s), 065/115 VUs, 2920 complete and 0 interrupted iterations
auth_traffic     [  70% ] 10 VUs       07m00.3s/10m0s
public_traffic   [  44% ] 050/100 VUs  07m00.3s/16m00.0s
write_traffic    [  70% ] 5 VUs        07m00.3s/10m0s

running (07m07.9s), 065/115 VUs, 2929 complete and 0 interrupted iterations
auth_traffic     [  70% ] 10 VUs       07m01.3s/10m0s
public_traffic   [  44% ] 050/100 VUs  07m01.3s/16m00.0s
write_traffic    [  70% ] 5 VUs        07m01.3s/10m0s

running (07m08.9s), 065/115 VUs, 2950 complete and 0 interrupted iterations
auth_traffic     [  70% ] 10 VUs       07m02.3s/10m0s
public_traffic   [  44% ] 050/100 VUs  07m02.3s/16m00.0s
write_traffic    [  70% ] 5 VUs        07m02.3s/10m0s

running (07m09.9s), 066/115 VUs, 2962 complete and 0 interrupted iterations
auth_traffic     [  71% ] 10 VUs       07m03.3s/10m0s
public_traffic   [  44% ] 051/100 VUs  07m03.3s/16m00.0s
write_traffic    [  71% ] 5 VUs        07m03.3s/10m0s

running (07m10.9s), 066/115 VUs, 2967 complete and 0 interrupted iterations
auth_traffic     [  71% ] 10 VUs       07m04.3s/10m0s
public_traffic   [  44% ] 051/100 VUs  07m04.3s/16m00.0s
write_traffic    [  71% ] 5 VUs        07m04.3s/10m0s

running (07m11.9s), 067/115 VUs, 2976 complete and 0 interrupted iterations
auth_traffic     [  71% ] 10 VUs       07m05.3s/10m0s
public_traffic   [  44% ] 052/100 VUs  07m05.3s/16m00.0s
write_traffic    [  71% ] 5 VUs        07m05.3s/10m0s

running (07m12.9s), 067/115 VUs, 2979 complete and 0 interrupted iterations
auth_traffic     [  71% ] 10 VUs       07m06.3s/10m0s
public_traffic   [  44% ] 052/100 VUs  07m06.3s/16m00.0s
write_traffic    [  71% ] 5 VUs        07m06.3s/10m0s

running (07m13.9s), 068/115 VUs, 2979 complete and 0 interrupted iterations
auth_traffic     [  71% ] 10 VUs       07m07.3s/10m0s
public_traffic   [  45% ] 053/100 VUs  07m07.3s/16m00.0s
write_traffic    [  71% ] 5 VUs        07m07.3s/10m0s

running (07m14.9s), 068/115 VUs, 2990 complete and 0 interrupted iterations
auth_traffic     [  71% ] 10 VUs       07m08.3s/10m0s
public_traffic   [  45% ] 053/100 VUs  07m08.3s/16m00.0s
write_traffic    [  71% ] 5 VUs        07m08.3s/10m0s

running (07m15.9s), 068/115 VUs, 3001 complete and 0 interrupted iterations
auth_traffic     [  72% ] 10 VUs       07m09.3s/10m0s
public_traffic   [  45% ] 053/100 VUs  07m09.3s/16m00.0s
write_traffic    [  72% ] 5 VUs        07m09.3s/10m0s

running (07m16.9s), 069/115 VUs, 3012 complete and 0 interrupted iterations
auth_traffic     [  72% ] 10 VUs       07m10.3s/10m0s
public_traffic   [  45% ] 054/100 VUs  07m10.3s/16m00.0s
write_traffic    [  72% ] 5 VUs        07m10.3s/10m0s

running (07m17.9s), 069/115 VUs, 3020 complete and 0 interrupted iterations
auth_traffic     [  72% ] 10 VUs       07m11.3s/10m0s
public_traffic   [  45% ] 054/100 VUs  07m11.3s/16m00.0s
write_traffic    [  72% ] 5 VUs        07m11.3s/10m0s

running (07m18.9s), 070/115 VUs, 3038 complete and 0 interrupted iterations
auth_traffic     [  72% ] 10 VUs       07m12.3s/10m0s
public_traffic   [  45% ] 055/100 VUs  07m12.3s/16m00.0s
write_traffic    [  72% ] 5 VUs        07m12.3s/10m0s

running (07m19.9s), 070/115 VUs, 3045 complete and 0 interrupted iterations
auth_traffic     [  72% ] 10 VUs       07m13.3s/10m0s
public_traffic   [  45% ] 055/100 VUs  07m13.3s/16m00.0s
write_traffic    [  72% ] 5 VUs        07m13.3s/10m0s

running (07m20.9s), 070/115 VUs, 3048 complete and 0 interrupted iterations
auth_traffic     [  72% ] 10 VUs       07m14.3s/10m0s
public_traffic   [  45% ] 055/100 VUs  07m14.3s/16m00.0s
write_traffic    [  72% ] 5 VUs        07m14.3s/10m0s

running (07m21.9s), 071/115 VUs, 3052 complete and 0 interrupted iterations
auth_traffic     [  73% ] 10 VUs       07m15.3s/10m0s
public_traffic   [  45% ] 056/100 VUs  07m15.3s/16m00.0s
write_traffic    [  73% ] 5 VUs        07m15.3s/10m0s

running (07m22.9s), 071/115 VUs, 3056 complete and 0 interrupted iterations
auth_traffic     [  73% ] 10 VUs       07m16.3s/10m0s
public_traffic   [  45% ] 056/100 VUs  07m16.3s/16m00.0s
write_traffic    [  73% ] 5 VUs        07m16.3s/10m0s

running (07m23.9s), 072/115 VUs, 3065 complete and 0 interrupted iterations
auth_traffic     [  73% ] 10 VUs       07m17.3s/10m0s
public_traffic   [  46% ] 057/100 VUs  07m17.3s/16m00.0s
write_traffic    [  73% ] 5 VUs        07m17.3s/10m0s

running (07m24.9s), 072/115 VUs, 3078 complete and 0 interrupted iterations
auth_traffic     [  73% ] 10 VUs       07m18.3s/10m0s
public_traffic   [  46% ] 057/100 VUs  07m18.3s/16m00.0s
write_traffic    [  73% ] 5 VUs        07m18.3s/10m0s

running (07m25.9s), 073/115 VUs, 3086 complete and 0 interrupted iterations
auth_traffic     [  73% ] 10 VUs       07m19.3s/10m0s
public_traffic   [  46% ] 058/100 VUs  07m19.3s/16m00.0s
write_traffic    [  73% ] 5 VUs        07m19.3s/10m0s

running (07m26.9s), 073/115 VUs, 3095 complete and 0 interrupted iterations
auth_traffic     [  73% ] 10 VUs       07m20.3s/10m0s
public_traffic   [  46% ] 058/100 VUs  07m20.3s/16m00.0s
write_traffic    [  73% ] 5 VUs        07m20.3s/10m0s

running (07m27.9s), 073/115 VUs, 3106 complete and 0 interrupted iterations
auth_traffic     [  74% ] 10 VUs       07m21.3s/10m0s
public_traffic   [  46% ] 058/100 VUs  07m21.3s/16m00.0s
write_traffic    [  74% ] 5 VUs        07m21.3s/10m0s

running (07m28.9s), 074/115 VUs, 3115 complete and 0 interrupted iterations
auth_traffic     [  74% ] 10 VUs       07m22.3s/10m0s
public_traffic   [  46% ] 059/100 VUs  07m22.3s/16m00.0s
write_traffic    [  74% ] 5 VUs        07m22.3s/10m0s

running (07m29.9s), 074/115 VUs, 3129 complete and 0 interrupted iterations
auth_traffic     [  74% ] 10 VUs       07m23.3s/10m0s
public_traffic   [  46% ] 059/100 VUs  07m23.3s/16m00.0s
write_traffic    [  74% ] 5 VUs        07m23.3s/10m0s

running (07m30.9s), 075/115 VUs, 3138 complete and 0 interrupted iterations
auth_traffic     [  74% ] 10 VUs       07m24.3s/10m0s
public_traffic   [  46% ] 060/100 VUs  07m24.3s/16m00.0s
write_traffic    [  74% ] 5 VUs        07m24.3s/10m0s

running (07m31.9s), 075/115 VUs, 3142 complete and 0 interrupted iterations
auth_traffic     [  74% ] 10 VUs       07m25.3s/10m0s
public_traffic   [  46% ] 060/100 VUs  07m25.3s/16m00.0s
write_traffic    [  74% ] 5 VUs        07m25.3s/10m0s

running (07m32.9s), 075/115 VUs, 3152 complete and 0 interrupted iterations
auth_traffic     [  74% ] 10 VUs       07m26.3s/10m0s
public_traffic   [  46% ] 060/100 VUs  07m26.3s/16m00.0s
write_traffic    [  74% ] 5 VUs        07m26.3s/10m0s

running (07m33.9s), 076/115 VUs, 3162 complete and 0 interrupted iterations
auth_traffic     [  75% ] 10 VUs       07m27.3s/10m0s
public_traffic   [  47% ] 061/100 VUs  07m27.3s/16m00.0s
write_traffic    [  75% ] 5 VUs        07m27.3s/10m0s

running (07m34.9s), 076/115 VUs, 3169 complete and 0 interrupted iterations
auth_traffic     [  75% ] 10 VUs       07m28.3s/10m0s
public_traffic   [  47% ] 061/100 VUs  07m28.3s/16m00.0s
write_traffic    [  75% ] 5 VUs        07m28.3s/10m0s

running (07m35.9s), 077/115 VUs, 3175 complete and 0 interrupted iterations
auth_traffic     [  75% ] 10 VUs       07m29.3s/10m0s
public_traffic   [  47% ] 062/100 VUs  07m29.3s/16m00.0s
write_traffic    [  75% ] 5 VUs        07m29.3s/10m0s

running (07m36.9s), 077/115 VUs, 3189 complete and 0 interrupted iterations
auth_traffic     [  75% ] 10 VUs       07m30.3s/10m0s
public_traffic   [  47% ] 062/100 VUs  07m30.3s/16m00.0s
write_traffic    [  75% ] 5 VUs        07m30.3s/10m0s

running (07m37.9s), 078/115 VUs, 3200 complete and 0 interrupted iterations
auth_traffic     [  75% ] 10 VUs       07m31.3s/10m0s
public_traffic   [  47% ] 063/100 VUs  07m31.3s/16m00.0s
write_traffic    [  75% ] 5 VUs        07m31.3s/10m0s

running (07m38.9s), 078/115 VUs, 3209 complete and 0 interrupted iterations
auth_traffic     [  75% ] 10 VUs       07m32.3s/10m0s
public_traffic   [  47% ] 063/100 VUs  07m32.3s/16m00.0s
write_traffic    [  75% ] 5 VUs        07m32.3s/10m0s

running (07m39.9s), 078/115 VUs, 3217 complete and 0 interrupted iterations
auth_traffic     [  76% ] 10 VUs       07m33.3s/10m0s
public_traffic   [  47% ] 063/100 VUs  07m33.3s/16m00.0s
write_traffic    [  76% ] 5 VUs        07m33.3s/10m0s

running (07m40.9s), 079/115 VUs, 3226 complete and 0 interrupted iterations
auth_traffic     [  76% ] 10 VUs       07m34.3s/10m0s
public_traffic   [  47% ] 064/100 VUs  07m34.3s/16m00.0s
write_traffic    [  76% ] 5 VUs        07m34.3s/10m0s

running (07m41.9s), 079/115 VUs, 3234 complete and 0 interrupted iterations
auth_traffic     [  76% ] 10 VUs       07m35.3s/10m0s
public_traffic   [  47% ] 064/100 VUs  07m35.3s/16m00.0s
write_traffic    [  76% ] 5 VUs        07m35.3s/10m0s

running (07m42.9s), 080/115 VUs, 3243 complete and 0 interrupted iterations
auth_traffic     [  76% ] 10 VUs       07m36.3s/10m0s
public_traffic   [  48% ] 065/100 VUs  07m36.3s/16m00.0s
write_traffic    [  76% ] 5 VUs        07m36.3s/10m0s

running (07m43.9s), 080/115 VUs, 3255 complete and 0 interrupted iterations
auth_traffic     [  76% ] 10 VUs       07m37.3s/10m0s
public_traffic   [  48% ] 065/100 VUs  07m37.3s/16m00.0s
write_traffic    [  76% ] 5 VUs        07m37.3s/10m0s

running (07m44.9s), 080/115 VUs, 3263 complete and 0 interrupted iterations
auth_traffic     [  76% ] 10 VUs       07m38.3s/10m0s
public_traffic   [  48% ] 065/100 VUs  07m38.3s/16m00.0s
write_traffic    [  76% ] 5 VUs        07m38.3s/10m0s

running (07m45.9s), 081/115 VUs, 3276 complete and 0 interrupted iterations
auth_traffic     [  77% ] 10 VUs       07m39.3s/10m0s
public_traffic   [  48% ] 066/100 VUs  07m39.3s/16m00.0s
write_traffic    [  77% ] 5 VUs        07m39.3s/10m0s

running (07m46.9s), 081/115 VUs, 3284 complete and 0 interrupted iterations
auth_traffic     [  77% ] 10 VUs       07m40.3s/10m0s
public_traffic   [  48% ] 066/100 VUs  07m40.3s/16m00.0s
write_traffic    [  77% ] 5 VUs        07m40.3s/10m0s

running (07m47.9s), 082/115 VUs, 3296 complete and 0 interrupted iterations
auth_traffic     [  77% ] 10 VUs       07m41.3s/10m0s
public_traffic   [  48% ] 067/100 VUs  07m41.3s/16m00.0s
write_traffic    [  77% ] 5 VUs        07m41.3s/10m0s

running (07m48.9s), 082/115 VUs, 3306 complete and 0 interrupted iterations
auth_traffic     [  77% ] 10 VUs       07m42.3s/10m0s
public_traffic   [  48% ] 067/100 VUs  07m42.3s/16m00.0s
write_traffic    [  77% ] 5 VUs        07m42.3s/10m0s

running (07m49.9s), 083/115 VUs, 3317 complete and 0 interrupted iterations
auth_traffic     [  77% ] 10 VUs       07m43.3s/10m0s
public_traffic   [  48% ] 068/100 VUs  07m43.3s/16m00.0s
write_traffic    [  77% ] 5 VUs        07m43.3s/10m0s

running (07m50.9s), 083/115 VUs, 3331 complete and 0 interrupted iterations
auth_traffic     [  77% ] 10 VUs       07m44.3s/10m0s
public_traffic   [  48% ] 068/100 VUs  07m44.3s/16m00.0s
write_traffic    [  77% ] 5 VUs        07m44.3s/10m0s

running (07m51.9s), 083/115 VUs, 3340 complete and 0 interrupted iterations
auth_traffic     [  78% ] 10 VUs       07m45.3s/10m0s
public_traffic   [  48% ] 068/100 VUs  07m45.3s/16m00.0s
write_traffic    [  78% ] 5 VUs        07m45.3s/10m0s

running (07m52.9s), 084/115 VUs, 3352 complete and 0 interrupted iterations
auth_traffic     [  78% ] 10 VUs       07m46.3s/10m0s
public_traffic   [  49% ] 069/100 VUs  07m46.3s/16m00.0s
write_traffic    [  78% ] 5 VUs        07m46.3s/10m0s

running (07m53.9s), 084/115 VUs, 3363 complete and 0 interrupted iterations
auth_traffic     [  78% ] 10 VUs       07m47.3s/10m0s
public_traffic   [  49% ] 069/100 VUs  07m47.3s/16m00.0s
write_traffic    [  78% ] 5 VUs        07m47.3s/10m0s

running (07m54.9s), 085/115 VUs, 3371 complete and 0 interrupted iterations
auth_traffic     [  78% ] 10 VUs       07m48.3s/10m0s
public_traffic   [  49% ] 070/100 VUs  07m48.3s/16m00.0s
write_traffic    [  78% ] 5 VUs        07m48.3s/10m0s

running (07m55.9s), 085/115 VUs, 3386 complete and 0 interrupted iterations
auth_traffic     [  78% ] 10 VUs       07m49.3s/10m0s
public_traffic   [  49% ] 070/100 VUs  07m49.3s/16m00.0s
write_traffic    [  78% ] 5 VUs        07m49.3s/10m0s

running (07m56.9s), 085/115 VUs, 3392 complete and 0 interrupted iterations
auth_traffic     [  78% ] 10 VUs       07m50.3s/10m0s
public_traffic   [  49% ] 070/100 VUs  07m50.3s/16m00.0s
write_traffic    [  78% ] 5 VUs        07m50.3s/10m0s

running (07m57.9s), 086/115 VUs, 3402 complete and 0 interrupted iterations
auth_traffic     [  79% ] 10 VUs       07m51.3s/10m0s
public_traffic   [  49% ] 071/100 VUs  07m51.3s/16m00.0s
write_traffic    [  79% ] 5 VUs        07m51.3s/10m0s

running (07m58.9s), 086/115 VUs, 3410 complete and 0 interrupted iterations
auth_traffic     [  79% ] 10 VUs       07m52.3s/10m0s
public_traffic   [  49% ] 071/100 VUs  07m52.3s/16m00.0s
write_traffic    [  79% ] 5 VUs        07m52.3s/10m0s

running (07m59.9s), 087/115 VUs, 3424 complete and 0 interrupted iterations
auth_traffic     [  79% ] 10 VUs       07m53.3s/10m0s
public_traffic   [  49% ] 072/100 VUs  07m53.3s/16m00.0s
write_traffic    [  79% ] 5 VUs        07m53.3s/10m0s

running (08m00.9s), 087/115 VUs, 3436 complete and 0 interrupted iterations
auth_traffic     [  79% ] 10 VUs       07m54.3s/10m0s
public_traffic   [  49% ] 072/100 VUs  07m54.3s/16m00.0s
write_traffic    [  79% ] 5 VUs        07m54.3s/10m0s

running (08m01.9s), 088/115 VUs, 3445 complete and 0 interrupted iterations
auth_traffic     [  79% ] 10 VUs       07m55.3s/10m0s
public_traffic   [  50% ] 073/100 VUs  07m55.3s/16m00.0s
write_traffic    [  79% ] 5 VUs        07m55.3s/10m0s

running (08m02.9s), 088/115 VUs, 3453 complete and 0 interrupted iterations
auth_traffic     [  79% ] 10 VUs       07m56.3s/10m0s
public_traffic   [  50% ] 073/100 VUs  07m56.3s/16m00.0s
write_traffic    [  79% ] 5 VUs        07m56.3s/10m0s

running (08m03.9s), 088/115 VUs, 3469 complete and 0 interrupted iterations
auth_traffic     [  80% ] 10 VUs       07m57.3s/10m0s
public_traffic   [  50% ] 073/100 VUs  07m57.3s/16m00.0s
write_traffic    [  80% ] 5 VUs        07m57.3s/10m0s

running (08m04.9s), 089/115 VUs, 3478 complete and 0 interrupted iterations
auth_traffic     [  80% ] 10 VUs       07m58.3s/10m0s
public_traffic   [  50% ] 074/100 VUs  07m58.3s/16m00.0s
write_traffic    [  80% ] 5 VUs        07m58.3s/10m0s

running (08m05.9s), 089/115 VUs, 3488 complete and 0 interrupted iterations
auth_traffic     [  80% ] 10 VUs       07m59.3s/10m0s
public_traffic   [  50% ] 074/100 VUs  07m59.3s/16m00.0s
write_traffic    [  80% ] 5 VUs        07m59.3s/10m0s

running (08m06.9s), 090/115 VUs, 3494 complete and 0 interrupted iterations
auth_traffic     [  80% ] 10 VUs       08m00.3s/10m0s
public_traffic   [  50% ] 075/100 VUs  08m00.3s/16m00.0s
write_traffic    [  80% ] 5 VUs        08m00.3s/10m0s

running (08m07.9s), 090/115 VUs, 3512 complete and 0 interrupted iterations
auth_traffic     [  80% ] 10 VUs       08m01.3s/10m0s
public_traffic   [  50% ] 075/100 VUs  08m01.3s/16m00.0s
write_traffic    [  80% ] 5 VUs        08m01.3s/10m0s

running (08m08.9s), 090/115 VUs, 3521 complete and 0 interrupted iterations
auth_traffic     [  80% ] 10 VUs       08m02.3s/10m0s
public_traffic   [  50% ] 075/100 VUs  08m02.3s/16m00.0s
write_traffic    [  80% ] 5 VUs        08m02.3s/10m0s

running (08m09.9s), 091/115 VUs, 3534 complete and 0 interrupted iterations
auth_traffic     [  81% ] 10 VUs       08m03.3s/10m0s
public_traffic   [  50% ] 076/100 VUs  08m03.3s/16m00.0s
write_traffic    [  81% ] 5 VUs        08m03.3s/10m0s

running (08m10.9s), 091/115 VUs, 3545 complete and 0 interrupted iterations
auth_traffic     [  81% ] 10 VUs       08m04.3s/10m0s
public_traffic   [  50% ] 076/100 VUs  08m04.3s/16m00.0s
write_traffic    [  81% ] 5 VUs        08m04.3s/10m0s

running (08m11.9s), 092/115 VUs, 3556 complete and 0 interrupted iterations
auth_traffic     [  81% ] 10 VUs       08m05.3s/10m0s
public_traffic   [  51% ] 077/100 VUs  08m05.3s/16m00.0s
write_traffic    [  81% ] 5 VUs        08m05.3s/10m0s

running (08m12.9s), 092/115 VUs, 3569 complete and 0 interrupted iterations
auth_traffic     [  81% ] 10 VUs       08m06.3s/10m0s
public_traffic   [  51% ] 077/100 VUs  08m06.3s/16m00.0s
write_traffic    [  81% ] 5 VUs        08m06.3s/10m0s

running (08m13.9s), 093/115 VUs, 3575 complete and 0 interrupted iterations
auth_traffic     [  81% ] 10 VUs       08m07.3s/10m0s
public_traffic   [  51% ] 078/100 VUs  08m07.3s/16m00.0s
write_traffic    [  81% ] 5 VUs        08m07.3s/10m0s

running (08m14.9s), 093/115 VUs, 3591 complete and 0 interrupted iterations
auth_traffic     [  81% ] 10 VUs       08m08.3s/10m0s
public_traffic   [  51% ] 078/100 VUs  08m08.3s/16m00.0s
write_traffic    [  81% ] 5 VUs        08m08.3s/10m0s

running (08m15.9s), 093/115 VUs, 3603 complete and 0 interrupted iterations
auth_traffic     [  82% ] 10 VUs       08m09.3s/10m0s
public_traffic   [  51% ] 078/100 VUs  08m09.3s/16m00.0s
write_traffic    [  82% ] 5 VUs        08m09.3s/10m0s

running (08m16.9s), 094/115 VUs, 3608 complete and 0 interrupted iterations
auth_traffic     [  82% ] 10 VUs       08m10.3s/10m0s
public_traffic   [  51% ] 079/100 VUs  08m10.3s/16m00.0s
write_traffic    [  82% ] 5 VUs        08m10.3s/10m0s

running (08m17.9s), 094/115 VUs, 3616 complete and 0 interrupted iterations
auth_traffic     [  82% ] 10 VUs       08m11.3s/10m0s
public_traffic   [  51% ] 079/100 VUs  08m11.3s/16m00.0s
write_traffic    [  82% ] 5 VUs        08m11.3s/10m0s

running (08m18.9s), 095/115 VUs, 3626 complete and 0 interrupted iterations
auth_traffic     [  82% ] 10 VUs       08m12.3s/10m0s
public_traffic   [  51% ] 080/100 VUs  08m12.3s/16m00.0s
write_traffic    [  82% ] 5 VUs        08m12.3s/10m0s

running (08m19.9s), 095/115 VUs, 3641 complete and 0 interrupted iterations
auth_traffic     [  82% ] 10 VUs       08m13.3s/10m0s
public_traffic   [  51% ] 080/100 VUs  08m13.3s/16m00.0s
write_traffic    [  82% ] 5 VUs        08m13.3s/10m0s

running (08m20.9s), 095/115 VUs, 3658 complete and 0 interrupted iterations
auth_traffic     [  82% ] 10 VUs       08m14.4s/10m0s
public_traffic   [  51% ] 080/100 VUs  08m14.4s/16m00.0s
write_traffic    [  82% ] 5 VUs        08m14.4s/10m0s

running (08m21.9s), 096/115 VUs, 3666 complete and 0 interrupted iterations
auth_traffic     [  83% ] 10 VUs       08m15.3s/10m0s
public_traffic   [  52% ] 081/100 VUs  08m15.3s/16m00.0s
write_traffic    [  83% ] 5 VUs        08m15.3s/10m0s

running (08m22.9s), 096/115 VUs, 3673 complete and 0 interrupted iterations
auth_traffic     [  83% ] 10 VUs       08m16.3s/10m0s
public_traffic   [  52% ] 081/100 VUs  08m16.3s/16m00.0s
write_traffic    [  83% ] 5 VUs        08m16.3s/10m0s

running (08m23.9s), 097/115 VUs, 3678 complete and 0 interrupted iterations
auth_traffic     [  83% ] 10 VUs       08m17.3s/10m0s
public_traffic   [  52% ] 082/100 VUs  08m17.3s/16m00.0s
write_traffic    [  83% ] 5 VUs        08m17.3s/10m0s

running (08m24.9s), 097/115 VUs, 3681 complete and 0 interrupted iterations
auth_traffic     [  83% ] 10 VUs       08m18.3s/10m0s
public_traffic   [  52% ] 082/100 VUs  08m18.3s/16m00.0s
write_traffic    [  83% ] 5 VUs        08m18.3s/10m0s

running (08m25.9s), 098/115 VUs, 3683 complete and 0 interrupted iterations
auth_traffic     [  83% ] 10 VUs       08m19.3s/10m0s
public_traffic   [  52% ] 083/100 VUs  08m19.3s/16m00.0s
write_traffic    [  83% ] 5 VUs        08m19.3s/10m0s

running (08m26.9s), 098/115 VUs, 3688 complete and 0 interrupted iterations
auth_traffic     [  83% ] 10 VUs       08m20.3s/10m0s
public_traffic   [  52% ] 083/100 VUs  08m20.3s/16m00.0s
write_traffic    [  83% ] 5 VUs        08m20.3s/10m0s

running (08m27.9s), 098/115 VUs, 3696 complete and 0 interrupted iterations
auth_traffic     [  84% ] 10 VUs       08m21.3s/10m0s
public_traffic   [  52% ] 083/100 VUs  08m21.3s/16m00.0s
write_traffic    [  84% ] 5 VUs        08m21.3s/10m0s

running (08m28.9s), 099/115 VUs, 3709 complete and 0 interrupted iterations
auth_traffic     [  84% ] 10 VUs       08m22.3s/10m0s
public_traffic   [  52% ] 084/100 VUs  08m22.3s/16m00.0s
write_traffic    [  84% ] 5 VUs        08m22.3s/10m0s

running (08m29.9s), 099/115 VUs, 3718 complete and 0 interrupted iterations
auth_traffic     [  84% ] 10 VUs       08m23.4s/10m0s
public_traffic   [  52% ] 084/100 VUs  08m23.4s/16m00.0s
write_traffic    [  84% ] 5 VUs        08m23.4s/10m0s

running (08m30.9s), 100/115 VUs, 3724 complete and 0 interrupted iterations
auth_traffic     [  84% ] 10 VUs       08m24.3s/10m0s
public_traffic   [  53% ] 085/100 VUs  08m24.3s/16m00.0s
write_traffic    [  84% ] 5 VUs        08m24.3s/10m0s

running (08m31.9s), 100/115 VUs, 3734 complete and 0 interrupted iterations
auth_traffic     [  84% ] 10 VUs       08m25.3s/10m0s
public_traffic   [  53% ] 085/100 VUs  08m25.3s/16m00.0s
write_traffic    [  84% ] 5 VUs        08m25.3s/10m0s

running (08m32.9s), 100/115 VUs, 3741 complete and 0 interrupted iterations
auth_traffic     [  84% ] 10 VUs       08m26.3s/10m0s
public_traffic   [  53% ] 085/100 VUs  08m26.3s/16m00.0s
write_traffic    [  84% ] 5 VUs        08m26.3s/10m0s

running (08m33.9s), 101/115 VUs, 3747 complete and 0 interrupted iterations
auth_traffic     [  85% ] 10 VUs       08m27.3s/10m0s
public_traffic   [  53% ] 086/100 VUs  08m27.3s/16m00.0s
write_traffic    [  85% ] 5 VUs        08m27.3s/10m0s

running (08m34.9s), 101/115 VUs, 3756 complete and 0 interrupted iterations
auth_traffic     [  85% ] 10 VUs       08m28.3s/10m0s
public_traffic   [  53% ] 086/100 VUs  08m28.3s/16m00.0s
write_traffic    [  85% ] 5 VUs        08m28.3s/10m0s

running (08m35.9s), 102/115 VUs, 3765 complete and 0 interrupted iterations
auth_traffic     [  85% ] 10 VUs       08m29.3s/10m0s
public_traffic   [  53% ] 087/100 VUs  08m29.3s/16m00.0s
write_traffic    [  85% ] 5 VUs        08m29.3s/10m0s

running (08m36.9s), 102/115 VUs, 3775 complete and 0 interrupted iterations
auth_traffic     [  85% ] 10 VUs       08m30.3s/10m0s
public_traffic   [  53% ] 087/100 VUs  08m30.3s/16m00.0s
write_traffic    [  85% ] 5 VUs        08m30.3s/10m0s

running (08m37.9s), 103/115 VUs, 3787 complete and 0 interrupted iterations
auth_traffic     [  85% ] 10 VUs       08m31.3s/10m0s
public_traffic   [  53% ] 088/100 VUs  08m31.3s/16m00.0s
write_traffic    [  85% ] 5 VUs        08m31.3s/10m0s

running (08m38.9s), 103/115 VUs, 3808 complete and 0 interrupted iterations
auth_traffic     [  85% ] 10 VUs       08m32.3s/10m0s
public_traffic   [  53% ] 088/100 VUs  08m32.3s/16m00.0s
write_traffic    [  85% ] 5 VUs        08m32.3s/10m0s

running (08m39.9s), 103/115 VUs, 3820 complete and 0 interrupted iterations
auth_traffic     [  86% ] 10 VUs       08m33.3s/10m0s
public_traffic   [  53% ] 088/100 VUs  08m33.3s/16m00.0s
write_traffic    [  86% ] 5 VUs        08m33.3s/10m0s

running (08m40.9s), 104/115 VUs, 3832 complete and 0 interrupted iterations
auth_traffic     [  86% ] 10 VUs       08m34.3s/10m0s
public_traffic   [  54% ] 089/100 VUs  08m34.3s/16m00.0s
write_traffic    [  86% ] 5 VUs        08m34.3s/10m0s

running (08m41.9s), 104/115 VUs, 3844 complete and 0 interrupted iterations
auth_traffic     [  86% ] 10 VUs       08m35.4s/10m0s
public_traffic   [  54% ] 089/100 VUs  08m35.4s/16m00.0s
write_traffic    [  86% ] 5 VUs        08m35.4s/10m0s

running (08m42.9s), 105/115 VUs, 3850 complete and 0 interrupted iterations
auth_traffic     [  86% ] 10 VUs       08m36.3s/10m0s
public_traffic   [  54% ] 090/100 VUs  08m36.3s/16m00.0s
write_traffic    [  86% ] 5 VUs        08m36.3s/10m0s

running (08m43.9s), 105/115 VUs, 3858 complete and 0 interrupted iterations
auth_traffic     [  86% ] 10 VUs       08m37.3s/10m0s
public_traffic   [  54% ] 090/100 VUs  08m37.3s/16m00.0s
write_traffic    [  86% ] 5 VUs        08m37.3s/10m0s

running (08m44.9s), 105/115 VUs, 3868 complete and 0 interrupted iterations
auth_traffic     [  86% ] 10 VUs       08m38.3s/10m0s
public_traffic   [  54% ] 090/100 VUs  08m38.3s/16m00.0s
write_traffic    [  86% ] 5 VUs        08m38.3s/10m0s

running (08m45.9s), 106/115 VUs, 3875 complete and 0 interrupted iterations
auth_traffic     [  87% ] 10 VUs       08m39.3s/10m0s
public_traffic   [  54% ] 091/100 VUs  08m39.3s/16m00.0s
write_traffic    [  87% ] 5 VUs        08m39.3s/10m0s

running (08m46.9s), 106/115 VUs, 3882 complete and 0 interrupted iterations
auth_traffic     [  87% ] 10 VUs       08m40.3s/10m0s
public_traffic   [  54% ] 091/100 VUs  08m40.3s/16m00.0s
write_traffic    [  87% ] 5 VUs        08m40.3s/10m0s

running (08m47.9s), 107/115 VUs, 3888 complete and 0 interrupted iterations
auth_traffic     [  87% ] 10 VUs       08m41.3s/10m0s
public_traffic   [  54% ] 092/100 VUs  08m41.3s/16m00.0s
write_traffic    [  87% ] 5 VUs        08m41.3s/10m0s

running (08m48.9s), 107/115 VUs, 3900 complete and 0 interrupted iterations
auth_traffic     [  87% ] 10 VUs       08m42.3s/10m0s
public_traffic   [  54% ] 092/100 VUs  08m42.3s/16m00.0s
write_traffic    [  87% ] 5 VUs        08m42.3s/10m0s

running (08m49.9s), 108/115 VUs, 3913 complete and 0 interrupted iterations
auth_traffic     [  87% ] 10 VUs       08m43.3s/10m0s
public_traffic   [  55% ] 093/100 VUs  08m43.3s/16m00.0s
write_traffic    [  87% ] 5 VUs        08m43.3s/10m0s

running (08m50.9s), 108/115 VUs, 3927 complete and 0 interrupted iterations
auth_traffic     [  87% ] 10 VUs       08m44.3s/10m0s
public_traffic   [  55% ] 093/100 VUs  08m44.3s/16m00.0s
write_traffic    [  87% ] 5 VUs        08m44.3s/10m0s

running (08m52.1s), 108/115 VUs, 3947 complete and 0 interrupted iterations
auth_traffic     [  88% ] 10 VUs       08m45.6s/10m0s
public_traffic   [  55% ] 093/100 VUs  08m45.6s/16m00.0s
write_traffic    [  88% ] 5 VUs        08m45.6s/10m0s

running (08m52.9s), 109/115 VUs, 3959 complete and 0 interrupted iterations
auth_traffic     [  88% ] 10 VUs       08m46.3s/10m0s
public_traffic   [  55% ] 094/100 VUs  08m46.3s/16m00.0s
write_traffic    [  88% ] 5 VUs        08m46.3s/10m0s

running (08m53.9s), 109/115 VUs, 3974 complete and 0 interrupted iterations
auth_traffic     [  88% ] 10 VUs       08m47.3s/10m0s
public_traffic   [  55% ] 094/100 VUs  08m47.3s/16m00.0s
write_traffic    [  88% ] 5 VUs        08m47.3s/10m0s

running (08m54.9s), 110/115 VUs, 3987 complete and 0 interrupted iterations
auth_traffic     [  88% ] 10 VUs       08m48.3s/10m0s
public_traffic   [  55% ] 095/100 VUs  08m48.3s/16m00.0s
write_traffic    [  88% ] 5 VUs        08m48.3s/10m0s

running (08m55.9s), 110/115 VUs, 3994 complete and 0 interrupted iterations
auth_traffic     [  88% ] 10 VUs       08m49.3s/10m0s
public_traffic   [  55% ] 095/100 VUs  08m49.3s/16m00.0s
write_traffic    [  88% ] 5 VUs        08m49.3s/10m0s

running (08m56.9s), 110/115 VUs, 4000 complete and 0 interrupted iterations
auth_traffic     [  88% ] 10 VUs       08m50.3s/10m0s
public_traffic   [  55% ] 095/100 VUs  08m50.3s/16m00.0s
write_traffic    [  88% ] 5 VUs        08m50.3s/10m0s

running (08m57.9s), 111/115 VUs, 4008 complete and 0 interrupted iterations
auth_traffic     [  89% ] 10 VUs       08m51.3s/10m0s
public_traffic   [  55% ] 096/100 VUs  08m51.3s/16m00.0s
write_traffic    [  89% ] 5 VUs        08m51.3s/10m0s

running (08m58.9s), 111/115 VUs, 4017 complete and 0 interrupted iterations
auth_traffic     [  89% ] 10 VUs       08m52.3s/10m0s
public_traffic   [  55% ] 096/100 VUs  08m52.3s/16m00.0s
write_traffic    [  89% ] 5 VUs        08m52.3s/10m0s

running (08m59.9s), 112/115 VUs, 4027 complete and 0 interrupted iterations
auth_traffic     [  89% ] 10 VUs       08m53.3s/10m0s
public_traffic   [  56% ] 097/100 VUs  08m53.3s/16m00.0s
write_traffic    [  89% ] 5 VUs        08m53.3s/10m0s

running (09m00.9s), 112/115 VUs, 4036 complete and 0 interrupted iterations
auth_traffic     [  89% ] 10 VUs       08m54.3s/10m0s
public_traffic   [  56% ] 097/100 VUs  08m54.3s/16m00.0s
write_traffic    [  89% ] 5 VUs        08m54.3s/10m0s

running (09m01.9s), 113/115 VUs, 4059 complete and 0 interrupted iterations
auth_traffic     [  89% ] 10 VUs       08m55.3s/10m0s
public_traffic   [  56% ] 098/100 VUs  08m55.3s/16m00.0s
write_traffic    [  89% ] 5 VUs        08m55.3s/10m0s

running (09m02.9s), 113/115 VUs, 4074 complete and 0 interrupted iterations
auth_traffic     [  89% ] 10 VUs       08m56.3s/10m0s
public_traffic   [  56% ] 098/100 VUs  08m56.3s/16m00.0s
write_traffic    [  89% ] 5 VUs        08m56.3s/10m0s

running (09m03.9s), 113/115 VUs, 4092 complete and 0 interrupted iterations
auth_traffic     [  90% ] 10 VUs       08m57.3s/10m0s
public_traffic   [  56% ] 098/100 VUs  08m57.3s/16m00.0s
write_traffic    [  90% ] 5 VUs        08m57.3s/10m0s

running (09m04.9s), 114/115 VUs, 4106 complete and 0 interrupted iterations
auth_traffic     [  90% ] 10 VUs       08m58.3s/10m0s
public_traffic   [  56% ] 099/100 VUs  08m58.3s/16m00.0s
write_traffic    [  90% ] 5 VUs        08m58.3s/10m0s

running (09m05.9s), 114/115 VUs, 4118 complete and 0 interrupted iterations
auth_traffic     [  90% ] 10 VUs       08m59.3s/10m0s
public_traffic   [  56% ] 099/100 VUs  08m59.3s/16m00.0s
write_traffic    [  90% ] 5 VUs        08m59.3s/10m0s

running (09m06.9s), 115/115 VUs, 4125 complete and 0 interrupted iterations
auth_traffic     [  90% ] 10 VUs       09m00.3s/10m0s
public_traffic   [  56% ] 100/100 VUs  09m00.3s/16m00.0s
write_traffic    [  90% ] 5 VUs        09m00.3s/10m0s

running (09m07.9s), 115/115 VUs, 4134 complete and 0 interrupted iterations
auth_traffic     [  90% ] 10 VUs       09m01.3s/10m0s
public_traffic   [  56% ] 100/100 VUs  09m01.3s/16m00.0s
write_traffic    [  90% ] 5 VUs        09m01.3s/10m0s

running (09m08.9s), 115/115 VUs, 4143 complete and 0 interrupted iterations
auth_traffic     [  90% ] 10 VUs       09m02.3s/10m0s
public_traffic   [  56% ] 100/100 VUs  09m02.3s/16m00.0s
write_traffic    [  90% ] 5 VUs        09m02.3s/10m0s

running (09m09.9s), 115/115 VUs, 4161 complete and 0 interrupted iterations
auth_traffic     [  91% ] 10 VUs       09m03.4s/10m0s
public_traffic   [  57% ] 100/100 VUs  09m03.4s/16m00.0s
write_traffic    [  91% ] 5 VUs        09m03.4s/10m0s

running (09m10.9s), 115/115 VUs, 4173 complete and 0 interrupted iterations
auth_traffic     [  91% ] 10 VUs       09m04.3s/10m0s
public_traffic   [  57% ] 100/100 VUs  09m04.3s/16m00.0s
write_traffic    [  91% ] 5 VUs        09m04.3s/10m0s

running (09m11.9s), 115/115 VUs, 4188 complete and 0 interrupted iterations
auth_traffic     [  91% ] 10 VUs       09m05.3s/10m0s
public_traffic   [  57% ] 100/100 VUs  09m05.3s/16m00.0s
write_traffic    [  91% ] 5 VUs        09m05.3s/10m0s

running (09m12.9s), 115/115 VUs, 4204 complete and 0 interrupted iterations
auth_traffic     [  91% ] 10 VUs       09m06.3s/10m0s
public_traffic   [  57% ] 100/100 VUs  09m06.3s/16m00.0s
write_traffic    [  91% ] 5 VUs        09m06.3s/10m0s

running (09m13.9s), 115/115 VUs, 4223 complete and 0 interrupted iterations
auth_traffic     [  91% ] 10 VUs       09m07.3s/10m0s
public_traffic   [  57% ] 100/100 VUs  09m07.3s/16m00.0s
write_traffic    [  91% ] 5 VUs        09m07.3s/10m0s

running (09m14.9s), 115/115 VUs, 4237 complete and 0 interrupted iterations
auth_traffic     [  91% ] 10 VUs       09m08.3s/10m0s
public_traffic   [  57% ] 100/100 VUs  09m08.3s/16m00.0s
write_traffic    [  91% ] 5 VUs        09m08.3s/10m0s

running (09m15.9s), 115/115 VUs, 4245 complete and 0 interrupted iterations
auth_traffic     [  92% ] 10 VUs       09m09.3s/10m0s
public_traffic   [  57% ] 100/100 VUs  09m09.3s/16m00.0s
write_traffic    [  92% ] 5 VUs        09m09.3s/10m0s

running (09m16.9s), 115/115 VUs, 4250 complete and 0 interrupted iterations
auth_traffic     [  92% ] 10 VUs       09m10.3s/10m0s
public_traffic   [  57% ] 100/100 VUs  09m10.3s/16m00.0s
write_traffic    [  92% ] 5 VUs        09m10.3s/10m0s

running (09m17.9s), 115/115 VUs, 4256 complete and 0 interrupted iterations
auth_traffic     [  92% ] 10 VUs       09m11.3s/10m0s
public_traffic   [  57% ] 100/100 VUs  09m11.3s/16m00.0s
write_traffic    [  92% ] 5 VUs        09m11.3s/10m0s

running (09m18.9s), 115/115 VUs, 4277 complete and 0 interrupted iterations
auth_traffic     [  92% ] 10 VUs       09m12.3s/10m0s
public_traffic   [  58% ] 100/100 VUs  09m12.3s/16m00.0s
write_traffic    [  92% ] 5 VUs        09m12.3s/10m0s

running (09m19.9s), 115/115 VUs, 4289 complete and 0 interrupted iterations
auth_traffic     [  92% ] 10 VUs       09m13.3s/10m0s
public_traffic   [  58% ] 100/100 VUs  09m13.3s/16m00.0s
write_traffic    [  92% ] 5 VUs        09m13.3s/10m0s

running (09m20.9s), 115/115 VUs, 4303 complete and 0 interrupted iterations
auth_traffic     [  92% ] 10 VUs       09m14.3s/10m0s
public_traffic   [  58% ] 100/100 VUs  09m14.3s/16m00.0s
write_traffic    [  92% ] 5 VUs        09m14.3s/10m0s

running (09m21.9s), 115/115 VUs, 4323 complete and 0 interrupted iterations
auth_traffic     [  93% ] 10 VUs       09m15.3s/10m0s
public_traffic   [  58% ] 100/100 VUs  09m15.3s/16m00.0s
write_traffic    [  93% ] 5 VUs        09m15.3s/10m0s

running (09m22.9s), 115/115 VUs, 4346 complete and 0 interrupted iterations
auth_traffic     [  93% ] 10 VUs       09m16.3s/10m0s
public_traffic   [  58% ] 100/100 VUs  09m16.3s/16m00.0s
write_traffic    [  93% ] 5 VUs        09m16.3s/10m0s

running (09m23.9s), 115/115 VUs, 4357 complete and 0 interrupted iterations
auth_traffic     [  93% ] 10 VUs       09m17.3s/10m0s
public_traffic   [  58% ] 100/100 VUs  09m17.3s/16m00.0s
write_traffic    [  93% ] 5 VUs        09m17.3s/10m0s

running (09m24.9s), 115/115 VUs, 4368 complete and 0 interrupted iterations
auth_traffic     [  93% ] 10 VUs       09m18.3s/10m0s
public_traffic   [  58% ] 100/100 VUs  09m18.3s/16m00.0s
write_traffic    [  93% ] 5 VUs        09m18.3s/10m0s

running (09m25.9s), 115/115 VUs, 4379 complete and 0 interrupted iterations
auth_traffic     [  93% ] 10 VUs       09m19.3s/10m0s
public_traffic   [  58% ] 100/100 VUs  09m19.3s/16m00.0s
write_traffic    [  93% ] 5 VUs        09m19.3s/10m0s

running (09m26.9s), 115/115 VUs, 4388 complete and 0 interrupted iterations
auth_traffic     [  93% ] 10 VUs       09m20.3s/10m0s
public_traffic   [  58% ] 100/100 VUs  09m20.3s/16m00.0s
write_traffic    [  93% ] 5 VUs        09m20.3s/10m0s

running (09m27.9s), 115/115 VUs, 4402 complete and 0 interrupted iterations
auth_traffic     [  94% ] 10 VUs       09m21.3s/10m0s
public_traffic   [  58% ] 100/100 VUs  09m21.3s/16m00.0s
write_traffic    [  94% ] 5 VUs        09m21.3s/10m0s

running (09m28.9s), 115/115 VUs, 4422 complete and 0 interrupted iterations
auth_traffic     [  94% ] 10 VUs       09m22.3s/10m0s
public_traffic   [  59% ] 100/100 VUs  09m22.3s/16m00.0s
write_traffic    [  94% ] 5 VUs        09m22.3s/10m0s

running (09m29.9s), 115/115 VUs, 4434 complete and 0 interrupted iterations
auth_traffic     [  94% ] 10 VUs       09m23.3s/10m0s
public_traffic   [  59% ] 100/100 VUs  09m23.3s/16m00.0s
write_traffic    [  94% ] 5 VUs        09m23.3s/10m0s

running (09m30.9s), 115/115 VUs, 4449 complete and 0 interrupted iterations
auth_traffic     [  94% ] 10 VUs       09m24.3s/10m0s
public_traffic   [  59% ] 100/100 VUs  09m24.3s/16m00.0s
write_traffic    [  94% ] 5 VUs        09m24.3s/10m0s

running (09m31.9s), 115/115 VUs, 4465 complete and 0 interrupted iterations
auth_traffic     [  94% ] 10 VUs       09m25.3s/10m0s
public_traffic   [  59% ] 100/100 VUs  09m25.3s/16m00.0s
write_traffic    [  94% ] 5 VUs        09m25.3s/10m0s

running (09m32.9s), 115/115 VUs, 4481 complete and 0 interrupted iterations
auth_traffic     [  94% ] 10 VUs       09m26.3s/10m0s
public_traffic   [  59% ] 100/100 VUs  09m26.3s/16m00.0s
write_traffic    [  94% ] 5 VUs        09m26.3s/10m0s

running (09m33.9s), 115/115 VUs, 4490 complete and 0 interrupted iterations
auth_traffic     [  95% ] 10 VUs       09m27.3s/10m0s
public_traffic   [  59% ] 100/100 VUs  09m27.3s/16m00.0s
write_traffic    [  95% ] 5 VUs        09m27.3s/10m0s

running (09m34.9s), 115/115 VUs, 4501 complete and 0 interrupted iterations
auth_traffic     [  95% ] 10 VUs       09m28.3s/10m0s
public_traffic   [  59% ] 100/100 VUs  09m28.3s/16m00.0s
write_traffic    [  95% ] 5 VUs        09m28.3s/10m0s

running (09m35.9s), 115/115 VUs, 4517 complete and 0 interrupted iterations
auth_traffic     [  95% ] 10 VUs       09m29.3s/10m0s
public_traffic   [  59% ] 100/100 VUs  09m29.3s/16m00.0s
write_traffic    [  95% ] 5 VUs        09m29.3s/10m0s

running (09m36.9s), 115/115 VUs, 4530 complete and 0 interrupted iterations
auth_traffic     [  95% ] 10 VUs       09m30.3s/10m0s
public_traffic   [  59% ] 100/100 VUs  09m30.3s/16m00.0s
write_traffic    [  95% ] 5 VUs        09m30.3s/10m0s

running (09m37.9s), 115/115 VUs, 4542 complete and 0 interrupted iterations
auth_traffic     [  95% ] 10 VUs       09m31.3s/10m0s
public_traffic   [  60% ] 100/100 VUs  09m31.3s/16m00.0s
write_traffic    [  95% ] 5 VUs        09m31.3s/10m0s

running (09m38.9s), 115/115 VUs, 4563 complete and 0 interrupted iterations
auth_traffic     [  95% ] 10 VUs       09m32.3s/10m0s
public_traffic   [  60% ] 100/100 VUs  09m32.3s/16m00.0s
write_traffic    [  95% ] 5 VUs        09m32.3s/10m0s

running (09m39.9s), 115/115 VUs, 4584 complete and 0 interrupted iterations
auth_traffic     [  96% ] 10 VUs       09m33.3s/10m0s
public_traffic   [  60% ] 100/100 VUs  09m33.3s/16m00.0s
write_traffic    [  96% ] 5 VUs        09m33.3s/10m0s

running (09m40.9s), 115/115 VUs, 4596 complete and 0 interrupted iterations
auth_traffic     [  96% ] 10 VUs       09m34.3s/10m0s
public_traffic   [  60% ] 100/100 VUs  09m34.3s/16m00.0s
write_traffic    [  96% ] 5 VUs        09m34.3s/10m0s

running (09m41.9s), 115/115 VUs, 4611 complete and 0 interrupted iterations
auth_traffic     [  96% ] 10 VUs       09m35.3s/10m0s
public_traffic   [  60% ] 100/100 VUs  09m35.3s/16m00.0s
write_traffic    [  96% ] 5 VUs        09m35.3s/10m0s

running (09m42.9s), 115/115 VUs, 4620 complete and 0 interrupted iterations
auth_traffic     [  96% ] 10 VUs       09m36.3s/10m0s
public_traffic   [  60% ] 100/100 VUs  09m36.3s/16m00.0s
write_traffic    [  96% ] 5 VUs        09m36.3s/10m0s

running (09m43.9s), 115/115 VUs, 4630 complete and 0 interrupted iterations
auth_traffic     [  96% ] 10 VUs       09m37.3s/10m0s
public_traffic   [  60% ] 100/100 VUs  09m37.3s/16m00.0s
write_traffic    [  96% ] 5 VUs        09m37.3s/10m0s

running (09m44.9s), 115/115 VUs, 4643 complete and 0 interrupted iterations
auth_traffic     [  96% ] 10 VUs       09m38.3s/10m0s
public_traffic   [  60% ] 100/100 VUs  09m38.3s/16m00.0s
write_traffic    [  96% ] 5 VUs        09m38.3s/10m0s

running (09m45.9s), 115/115 VUs, 4656 complete and 0 interrupted iterations
auth_traffic     [  97% ] 10 VUs       09m39.3s/10m0s
public_traffic   [  60% ] 100/100 VUs  09m39.3s/16m00.0s
write_traffic    [  97% ] 5 VUs        09m39.3s/10m0s

running (09m46.9s), 115/115 VUs, 4675 complete and 0 interrupted iterations
auth_traffic     [  97% ] 10 VUs       09m40.3s/10m0s
public_traffic   [  60% ] 100/100 VUs  09m40.3s/16m00.0s
write_traffic    [  97% ] 5 VUs        09m40.3s/10m0s

running (09m47.9s), 115/115 VUs, 4695 complete and 0 interrupted iterations
auth_traffic     [  97% ] 10 VUs       09m41.3s/10m0s
public_traffic   [  61% ] 100/100 VUs  09m41.3s/16m00.0s
write_traffic    [  97% ] 5 VUs        09m41.3s/10m0s

running (09m48.9s), 115/115 VUs, 4707 complete and 0 interrupted iterations
auth_traffic     [  97% ] 10 VUs       09m42.3s/10m0s
public_traffic   [  61% ] 100/100 VUs  09m42.3s/16m00.0s
write_traffic    [  97% ] 5 VUs        09m42.3s/10m0s

running (09m49.9s), 115/115 VUs, 4720 complete and 0 interrupted iterations
auth_traffic     [  97% ] 10 VUs       09m43.3s/10m0s
public_traffic   [  61% ] 100/100 VUs  09m43.3s/16m00.0s
write_traffic    [  97% ] 5 VUs        09m43.3s/10m0s

running (09m50.9s), 115/115 VUs, 4737 complete and 0 interrupted iterations
auth_traffic     [  97% ] 10 VUs       09m44.3s/10m0s
public_traffic   [  61% ] 100/100 VUs  09m44.3s/16m00.0s
write_traffic    [  97% ] 5 VUs        09m44.3s/10m0s

running (09m51.9s), 115/115 VUs, 4749 complete and 0 interrupted iterations
auth_traffic     [  98% ] 10 VUs       09m45.3s/10m0s
public_traffic   [  61% ] 100/100 VUs  09m45.3s/16m00.0s
write_traffic    [  98% ] 5 VUs        09m45.3s/10m0s

running (09m52.9s), 115/115 VUs, 4756 complete and 0 interrupted iterations
auth_traffic     [  98% ] 10 VUs       09m46.3s/10m0s
public_traffic   [  61% ] 100/100 VUs  09m46.3s/16m00.0s
write_traffic    [  98% ] 5 VUs        09m46.3s/10m0s

running (09m53.9s), 115/115 VUs, 4767 complete and 0 interrupted iterations
auth_traffic     [  98% ] 10 VUs       09m47.3s/10m0s
public_traffic   [  61% ] 100/100 VUs  09m47.3s/16m00.0s
write_traffic    [  98% ] 5 VUs        09m47.3s/10m0s

running (09m54.9s), 115/115 VUs, 4777 complete and 0 interrupted iterations
auth_traffic     [  98% ] 10 VUs       09m48.3s/10m0s
public_traffic   [  61% ] 100/100 VUs  09m48.3s/16m00.0s
write_traffic    [  98% ] 5 VUs        09m48.3s/10m0s

running (09m55.9s), 115/115 VUs, 4789 complete and 0 interrupted iterations
auth_traffic     [  98% ] 10 VUs       09m49.3s/10m0s
public_traffic   [  61% ] 100/100 VUs  09m49.3s/16m00.0s
write_traffic    [  98% ] 5 VUs        09m49.3s/10m0s

running (09m56.9s), 115/115 VUs, 4804 complete and 0 interrupted iterations
auth_traffic     [  98% ] 10 VUs       09m50.3s/10m0s
public_traffic   [  61% ] 100/100 VUs  09m50.3s/16m00.0s
write_traffic    [  98% ] 5 VUs        09m50.3s/10m0s

running (09m57.9s), 115/115 VUs, 4827 complete and 0 interrupted iterations
auth_traffic     [  99% ] 10 VUs       09m51.3s/10m0s
public_traffic   [  62% ] 100/100 VUs  09m51.3s/16m00.0s
write_traffic    [  99% ] 5 VUs        09m51.3s/10m0s

running (09m58.9s), 115/115 VUs, 4835 complete and 0 interrupted iterations
auth_traffic     [  99% ] 10 VUs       09m52.3s/10m0s
public_traffic   [  62% ] 100/100 VUs  09m52.3s/16m00.0s
write_traffic    [  99% ] 5 VUs        09m52.3s/10m0s

running (09m59.9s), 115/115 VUs, 4851 complete and 0 interrupted iterations
auth_traffic     [  99% ] 10 VUs       09m53.3s/10m0s
public_traffic   [  62% ] 100/100 VUs  09m53.3s/16m00.0s
write_traffic    [  99% ] 5 VUs        09m53.3s/10m0s

running (10m00.9s), 115/115 VUs, 4863 complete and 0 interrupted iterations
auth_traffic     [  99% ] 10 VUs       09m54.3s/10m0s
public_traffic   [  62% ] 100/100 VUs  09m54.3s/16m00.0s
write_traffic    [  99% ] 5 VUs        09m54.3s/10m0s

running (10m01.9s), 115/115 VUs, 4877 complete and 0 interrupted iterations
auth_traffic     [  99% ] 10 VUs       09m55.3s/10m0s
public_traffic   [  62% ] 100/100 VUs  09m55.3s/16m00.0s
write_traffic    [  99% ] 5 VUs        09m55.3s/10m0s

running (10m02.9s), 115/115 VUs, 4893 complete and 0 interrupted iterations
auth_traffic     [  99% ] 10 VUs       09m56.3s/10m0s
public_traffic   [  62% ] 100/100 VUs  09m56.3s/16m00.0s
write_traffic    [  99% ] 5 VUs        09m56.3s/10m0s

running (10m03.9s), 115/115 VUs, 4904 complete and 0 interrupted iterations
auth_traffic     [ 100% ] 10 VUs       09m57.3s/10m0s
public_traffic   [  62% ] 100/100 VUs  09m57.3s/16m00.0s
write_traffic    [ 100% ] 5 VUs        09m57.3s/10m0s

running (10m04.9s), 115/115 VUs, 4915 complete and 0 interrupted iterations
auth_traffic     [ 100% ] 10 VUs       09m58.3s/10m0s
public_traffic   [  62% ] 100/100 VUs  09m58.3s/16m00.0s
write_traffic    [ 100% ] 5 VUs        09m58.3s/10m0s

running (10m05.9s), 115/115 VUs, 4931 complete and 0 interrupted iterations
auth_traffic     [ 100% ] 10 VUs       09m59.3s/10m0s
public_traffic   [  62% ] 100/100 VUs  09m59.3s/16m00.0s
write_traffic    [ 100% ] 5 VUs        09m59.3s/10m0s

running (10m06.9s), 112/115 VUs, 4949 complete and 0 interrupted iterations
auth_traffic   ↓ [ 100% ] 10 VUs       10m0s
public_traffic   [  63% ] 100/100 VUs  10m00.4s/16m00.0s
write_traffic  ↓ [ 100% ] 5 VUs        10m0s

running (10m07.9s), 112/115 VUs, 4958 complete and 0 interrupted iterations
auth_traffic   ↓ [ 100% ] 10 VUs       10m0s
public_traffic   [  63% ] 100/100 VUs  10m01.3s/16m00.0s
write_traffic  ↓ [ 100% ] 5 VUs        10m0s

running (10m08.9s), 110/115 VUs, 4972 complete and 0 interrupted iterations
auth_traffic   ↓ [ 100% ] 10 VUs       10m0s
public_traffic   [  63% ] 100/100 VUs  10m02.3s/16m00.0s
write_traffic  ↓ [ 100% ] 5 VUs        10m0s

running (10m09.9s), 107/115 VUs, 4994 complete and 0 interrupted iterations
auth_traffic   ↓ [ 100% ] 10 VUs       10m0s
public_traffic   [  63% ] 100/100 VUs  10m03.3s/16m00.0s
write_traffic  ↓ [ 100% ] 5 VUs        10m0s

running (10m10.9s), 107/115 VUs, 5001 complete and 0 interrupted iterations
auth_traffic   ↓ [ 100% ] 10 VUs       10m0s
public_traffic   [  63% ] 100/100 VUs  10m04.3s/16m00.0s
write_traffic  ↓ [ 100% ] 5 VUs        10m0s

running (10m11.9s), 106/115 VUs, 5019 complete and 0 interrupted iterations
auth_traffic   ↓ [ 100% ] 10 VUs       10m0s
public_traffic   [  63% ] 100/100 VUs  10m05.3s/16m00.0s
write_traffic  ↓ [ 100% ] 5 VUs        10m0s

running (10m12.9s), 102/115 VUs, 5033 complete and 0 interrupted iterations
auth_traffic   ✓ [ 100% ] 10 VUs       10m0s
public_traffic   [  63% ] 100/100 VUs  10m06.3s/16m00.0s
write_traffic  ↓ [ 100% ] 5 VUs        10m0s

running (10m13.9s), 102/115 VUs, 5045 complete and 0 interrupted iterations
auth_traffic   ✓ [ 100% ] 10 VUs       10m0s
public_traffic   [  63% ] 100/100 VUs  10m07.3s/16m00.0s
write_traffic  ↓ [ 100% ] 5 VUs        10m0s

running (10m14.9s), 101/115 VUs, 5060 complete and 0 interrupted iterations
auth_traffic   ✓ [ 100% ] 10 VUs       10m0s
public_traffic   [  63% ] 100/100 VUs  10m08.3s/16m00.0s
write_traffic  ↓ [ 100% ] 5 VUs        10m0s

running (10m15.9s), 101/115 VUs, 5071 complete and 0 interrupted iterations
auth_traffic   ✓ [ 100% ] 10 VUs       10m0s
public_traffic   [  63% ] 100/100 VUs  10m09.3s/16m00.0s
write_traffic  ↓ [ 100% ] 5 VUs        10m0s

running (10m16.9s), 100/115 VUs, 5087 complete and 0 interrupted iterations
auth_traffic   ✓ [ 100% ] 10 VUs       10m0s
public_traffic   [  64% ] 100/100 VUs  10m10.3s/16m00.0s
write_traffic  ✓ [ 100% ] 5 VUs        10m0s

running (10m17.9s), 100/115 VUs, 5098 complete and 0 interrupted iterations
auth_traffic   ✓ [ 100% ] 10 VUs       10m0s
public_traffic   [  64% ] 100/100 VUs  10m11.3s/16m00.0s
write_traffic  ✓ [ 100% ] 5 VUs        10m0s

running (10m18.9s), 100/115 VUs, 5114 complete and 0 interrupted iterations
auth_traffic   ✓ [ 100% ] 10 VUs       10m0s
public_traffic   [  64% ] 100/100 VUs  10m12.3s/16m00.0s
write_traffic  ✓ [ 100% ] 5 VUs        10m0s

running (10m19.9s), 100/115 VUs, 5125 complete and 0 interrupted iterations
auth_traffic   ✓ [ 100% ] 10 VUs       10m0s
public_traffic   [  64% ] 100/100 VUs  10m13.3s/16m00.0s
write_traffic  ✓ [ 100% ] 5 VUs        10m0s

running (10m20.9s), 100/115 VUs, 5141 complete and 0 interrupted iterations
auth_traffic   ✓ [ 100% ] 10 VUs       10m0s
public_traffic   [  64% ] 100/100 VUs  10m14.3s/16m00.0s
write_traffic  ✓ [ 100% ] 5 VUs        10m0s

running (10m21.9s), 100/115 VUs, 5155 complete and 0 interrupted iterations
auth_traffic   ✓ [ 100% ] 10 VUs       10m0s
public_traffic   [  64% ] 100/100 VUs  10m15.3s/16m00.0s
write_traffic  ✓ [ 100% ] 5 VUs        10m0s

running (10m22.9s), 100/115 VUs, 5163 complete and 0 interrupted iterations
auth_traffic   ✓ [ 100% ] 10 VUs       10m0s
public_traffic   [  64% ] 100/100 VUs  10m16.3s/16m00.0s
write_traffic  ✓ [ 100% ] 5 VUs        10m0s

running (10m23.9s), 100/115 VUs, 5181 complete and 0 interrupted iterations
auth_traffic   ✓ [ 100% ] 10 VUs       10m0s
public_traffic   [  64% ] 100/100 VUs  10m17.3s/16m00.0s
write_traffic  ✓ [ 100% ] 5 VUs        10m0s

running (10m24.9s), 100/115 VUs, 5194 complete and 0 interrupted iterations
auth_traffic   ✓ [ 100% ] 10 VUs       10m0s
public_traffic   [  64% ] 100/100 VUs  10m18.3s/16m00.0s
write_traffic  ✓ [ 100% ] 5 VUs        10m0s

running (10m25.9s), 100/115 VUs, 5203 complete and 0 interrupted iterations
auth_traffic   ✓ [ 100% ] 10 VUs       10m0s
public_traffic   [  65% ] 100/100 VUs  10m19.3s/16m00.0s
write_traffic  ✓ [ 100% ] 5 VUs        10m0s

running (10m26.9s), 100/115 VUs, 5213 complete and 0 interrupted iterations
auth_traffic   ✓ [ 100% ] 10 VUs       10m0s
public_traffic   [  65% ] 100/100 VUs  10m20.3s/16m00.0s
write_traffic  ✓ [ 100% ] 5 VUs        10m0s

running (10m27.9s), 100/115 VUs, 5231 complete and 0 interrupted iterations
auth_traffic   ✓ [ 100% ] 10 VUs       10m0s
public_traffic   [  65% ] 100/100 VUs  10m21.3s/16m00.0s
write_traffic  ✓ [ 100% ] 5 VUs        10m0s

running (10m28.9s), 100/115 VUs, 5244 complete and 0 interrupted iterations
auth_traffic   ✓ [ 100% ] 10 VUs       10m0s
public_traffic   [  65% ] 100/100 VUs  10m22.3s/16m00.0s
write_traffic  ✓ [ 100% ] 5 VUs        10m0s

running (10m29.9s), 100/115 VUs, 5257 complete and 0 interrupted iterations
auth_traffic   ✓ [ 100% ] 10 VUs       10m0s
public_traffic   [  65% ] 100/100 VUs  10m23.3s/16m00.0s
write_traffic  ✓ [ 100% ] 5 VUs        10m0s

running (10m30.9s), 100/115 VUs, 5272 complete and 0 interrupted iterations
auth_traffic   ✓ [ 100% ] 10 VUs       10m0s
public_traffic   [  65% ] 100/100 VUs  10m24.3s/16m00.0s
write_traffic  ✓ [ 100% ] 5 VUs        10m0s

running (10m31.9s), 100/115 VUs, 5282 complete and 0 interrupted iterations
auth_traffic   ✓ [ 100% ] 10 VUs       10m0s
public_traffic   [  65% ] 100/100 VUs  10m25.3s/16m00.0s
write_traffic  ✓ [ 100% ] 5 VUs        10m0s

running (10m32.9s), 100/115 VUs, 5294 complete and 0 interrupted iterations
auth_traffic   ✓ [ 100% ] 10 VUs       10m0s
public_traffic   [  65% ] 100/100 VUs  10m26.3s/16m00.0s
write_traffic  ✓ [ 100% ] 5 VUs        10m0s

running (10m33.9s), 100/115 VUs, 5309 complete and 0 interrupted iterations
auth_traffic   ✓ [ 100% ] 10 VUs       10m0s
public_traffic   [  65% ] 100/100 VUs  10m27.3s/16m00.0s
write_traffic  ✓ [ 100% ] 5 VUs        10m0s

running (10m34.9s), 100/115 VUs, 5319 complete and 0 interrupted iterations
auth_traffic   ✓ [ 100% ] 10 VUs       10m0s
public_traffic   [  65% ] 100/100 VUs  10m28.3s/16m00.0s
write_traffic  ✓ [ 100% ] 5 VUs        10m0s

running (10m35.9s), 100/115 VUs, 5332 complete and 0 interrupted iterations
auth_traffic   ✓ [ 100% ] 10 VUs       10m0s
public_traffic   [  66% ] 100/100 VUs  10m29.3s/16m00.0s
write_traffic  ✓ [ 100% ] 5 VUs        10m0s

running (10m36.9s), 100/115 VUs, 5346 complete and 0 interrupted iterations
auth_traffic   ✓ [ 100% ] 10 VUs       10m0s
public_traffic   [  66% ] 100/100 VUs  10m30.3s/16m00.0s
write_traffic  ✓ [ 100% ] 5 VUs        10m0s

running (10m37.9s), 100/115 VUs, 5361 complete and 0 interrupted iterations
auth_traffic   ✓ [ 100% ] 10 VUs       10m0s
public_traffic   [  66% ] 100/100 VUs  10m31.3s/16m00.0s
write_traffic  ✓ [ 100% ] 5 VUs        10m0s

running (10m38.9s), 100/115 VUs, 5377 complete and 0 interrupted iterations
auth_traffic   ✓ [ 100% ] 10 VUs       10m0s
public_traffic   [  66% ] 100/100 VUs  10m32.3s/16m00.0s
write_traffic  ✓ [ 100% ] 5 VUs        10m0s

running (10m39.9s), 100/115 VUs, 5389 complete and 0 interrupted iterations
auth_traffic   ✓ [ 100% ] 10 VUs       10m0s
public_traffic   [  66% ] 100/100 VUs  10m33.3s/16m00.0s
write_traffic  ✓ [ 100% ] 5 VUs        10m0s

running (10m40.9s), 100/115 VUs, 5396 complete and 0 interrupted iterations
auth_traffic   ✓ [ 100% ] 10 VUs       10m0s
public_traffic   [  66% ] 100/100 VUs  10m34.3s/16m00.0s
write_traffic  ✓ [ 100% ] 5 VUs        10m0s

running (10m41.9s), 100/115 VUs, 5410 complete and 0 interrupted iterations
auth_traffic   ✓ [ 100% ] 10 VUs       10m0s
public_traffic   [  66% ] 100/100 VUs  10m35.3s/16m00.0s
write_traffic  ✓ [ 100% ] 5 VUs        10m0s

running (10m42.9s), 100/115 VUs, 5421 complete and 0 interrupted iterations
auth_traffic   ✓ [ 100% ] 10 VUs       10m0s
public_traffic   [  66% ] 100/100 VUs  10m36.3s/16m00.0s
write_traffic  ✓ [ 100% ] 5 VUs        10m0s

running (10m43.9s), 100/115 VUs, 5435 complete and 0 interrupted iterations
auth_traffic   ✓ [ 100% ] 10 VUs       10m0s
public_traffic   [  66% ] 100/100 VUs  10m37.3s/16m00.0s
write_traffic  ✓ [ 100% ] 5 VUs        10m0s

running (10m44.9s), 100/115 VUs, 5452 complete and 0 interrupted iterations
auth_traffic   ✓ [ 100% ] 10 VUs       10m0s
public_traffic   [  66% ] 100/100 VUs  10m38.3s/16m00.0s
write_traffic  ✓ [ 100% ] 5 VUs        10m0s

running (10m45.9s), 100/115 VUs, 5465 complete and 0 interrupted iterations
auth_traffic   ✓ [ 100% ] 10 VUs       10m0s
public_traffic   [  67% ] 100/100 VUs  10m39.3s/16m00.0s
write_traffic  ✓ [ 100% ] 5 VUs        10m0s

running (10m46.9s), 100/115 VUs, 5480 complete and 0 interrupted iterations
auth_traffic   ✓ [ 100% ] 10 VUs       10m0s
public_traffic   [  67% ] 100/100 VUs  10m40.3s/16m00.0s
write_traffic  ✓ [ 100% ] 5 VUs        10m0s

running (10m47.9s), 100/115 VUs, 5488 complete and 0 interrupted iterations
auth_traffic   ✓ [ 100% ] 10 VUs       10m0s
public_traffic   [  67% ] 100/100 VUs  10m41.3s/16m00.0s
write_traffic  ✓ [ 100% ] 5 VUs        10m0s

running (10m48.9s), 100/115 VUs, 5502 complete and 0 interrupted iterations
auth_traffic   ✓ [ 100% ] 10 VUs       10m0s
public_traffic   [  67% ] 100/100 VUs  10m42.3s/16m00.0s
write_traffic  ✓ [ 100% ] 5 VUs        10m0s

running (10m49.9s), 100/115 VUs, 5512 complete and 0 interrupted iterations
auth_traffic   ✓ [ 100% ] 10 VUs       10m0s
public_traffic   [  67% ] 100/100 VUs  10m43.3s/16m00.0s
write_traffic  ✓ [ 100% ] 5 VUs        10m0s

running (10m50.9s), 100/115 VUs, 5530 complete and 0 interrupted iterations
auth_traffic   ✓ [ 100% ] 10 VUs       10m0s
public_traffic   [  67% ] 100/100 VUs  10m44.3s/16m00.0s
write_traffic  ✓ [ 100% ] 5 VUs        10m0s

running (10m51.9s), 100/115 VUs, 5541 complete and 0 interrupted iterations
auth_traffic   ✓ [ 100% ] 10 VUs       10m0s
public_traffic   [  67% ] 100/100 VUs  10m45.3s/16m00.0s
write_traffic  ✓ [ 100% ] 5 VUs        10m0s

running (10m52.9s), 100/115 VUs, 5558 complete and 0 interrupted iterations
auth_traffic   ✓ [ 100% ] 10 VUs       10m0s
public_traffic   [  67% ] 100/100 VUs  10m46.3s/16m00.0s
write_traffic  ✓ [ 100% ] 5 VUs        10m0s

running (10m53.9s), 100/115 VUs, 5567 complete and 0 interrupted iterations
auth_traffic   ✓ [ 100% ] 10 VUs       10m0s
public_traffic   [  67% ] 100/100 VUs  10m47.3s/16m00.0s
write_traffic  ✓ [ 100% ] 5 VUs        10m0s

running (10m54.9s), 100/115 VUs, 5582 complete and 0 interrupted iterations
auth_traffic   ✓ [ 100% ] 10 VUs       10m0s
public_traffic   [  68% ] 100/100 VUs  10m48.3s/16m00.0s
write_traffic  ✓ [ 100% ] 5 VUs        10m0s

running (10m55.9s), 100/115 VUs, 5592 complete and 0 interrupted iterations
auth_traffic   ✓ [ 100% ] 10 VUs       10m0s
public_traffic   [  68% ] 100/100 VUs  10m49.3s/16m00.0s
write_traffic  ✓ [ 100% ] 5 VUs        10m0s

running (10m56.9s), 100/115 VUs, 5601 complete and 0 interrupted iterations
auth_traffic   ✓ [ 100% ] 10 VUs       10m0s
public_traffic   [  68% ] 100/100 VUs  10m50.3s/16m00.0s
write_traffic  ✓ [ 100% ] 5 VUs        10m0s

running (10m57.9s), 100/115 VUs, 5613 complete and 0 interrupted iterations
auth_traffic   ✓ [ 100% ] 10 VUs       10m0s
public_traffic   [  68% ] 100/100 VUs  10m51.3s/16m00.0s
write_traffic  ✓ [ 100% ] 5 VUs        10m0s

running (10m58.9s), 100/115 VUs, 5630 complete and 0 interrupted iterations
auth_traffic   ✓ [ 100% ] 10 VUs       10m0s
public_traffic   [  68% ] 100/100 VUs  10m52.3s/16m00.0s
write_traffic  ✓ [ 100% ] 5 VUs        10m0s

running (10m59.9s), 100/115 VUs, 5648 complete and 0 interrupted iterations
auth_traffic   ✓ [ 100% ] 10 VUs       10m0s
public_traffic   [  68% ] 100/100 VUs  10m53.3s/16m00.0s
write_traffic  ✓ [ 100% ] 5 VUs        10m0s

running (11m00.9s), 100/115 VUs, 5660 complete and 0 interrupted iterations
auth_traffic   ✓ [ 100% ] 10 VUs       10m0s
public_traffic   [  68% ] 100/100 VUs  10m54.3s/16m00.0s
write_traffic  ✓ [ 100% ] 5 VUs        10m0s

running (11m01.9s), 100/115 VUs, 5670 complete and 0 interrupted iterations
auth_traffic   ✓ [ 100% ] 10 VUs       10m0s
public_traffic   [  68% ] 100/100 VUs  10m55.3s/16m00.0s
write_traffic  ✓ [ 100% ] 5 VUs        10m0s

running (11m02.9s), 100/115 VUs, 5678 complete and 0 interrupted iterations
auth_traffic   ✓ [ 100% ] 10 VUs       10m0s
public_traffic   [  68% ] 100/100 VUs  10m56.3s/16m00.0s
write_traffic  ✓ [ 100% ] 5 VUs        10m0s

running (11m03.9s), 100/115 VUs, 5693 complete and 0 interrupted iterations
auth_traffic   ✓ [ 100% ] 10 VUs       10m0s
public_traffic   [  68% ] 100/100 VUs  10m57.3s/16m00.0s
write_traffic  ✓ [ 100% ] 5 VUs        10m0s

running (11m04.9s), 100/115 VUs, 5704 complete and 0 interrupted iterations
auth_traffic   ✓ [ 100% ] 10 VUs       10m0s
public_traffic   [  69% ] 100/100 VUs  10m58.3s/16m00.0s
write_traffic  ✓ [ 100% ] 5 VUs        10m0s

running (11m05.9s), 100/115 VUs, 5716 complete and 0 interrupted iterations
auth_traffic   ✓ [ 100% ] 10 VUs       10m0s
public_traffic   [  69% ] 100/100 VUs  10m59.3s/16m00.0s
write_traffic  ✓ [ 100% ] 5 VUs        10m0s

running (11m06.9s), 100/115 VUs, 5735 complete and 0 interrupted iterations
auth_traffic   ✓ [ 100% ] 10 VUs       10m0s
public_traffic   [  69% ] 100/100 VUs  11m00.3s/16m00.0s
write_traffic  ✓ [ 100% ] 5 VUs        10m0s

running (11m07.9s), 100/115 VUs, 5746 complete and 0 interrupted iterations
auth_traffic   ✓ [ 100% ] 10 VUs       10m0s
public_traffic   [  69% ] 100/100 VUs  11m01.3s/16m00.0s
write_traffic  ✓ [ 100% ] 5 VUs        10m0s

running (11m08.9s), 100/115 VUs, 5762 complete and 0 interrupted iterations
auth_traffic   ✓ [ 100% ] 10 VUs       10m0s
public_traffic   [  69% ] 100/100 VUs  11m02.3s/16m00.0s
write_traffic  ✓ [ 100% ] 5 VUs        10m0s

running (11m09.9s), 100/115 VUs, 5770 complete and 0 interrupted iterations
auth_traffic   ✓ [ 100% ] 10 VUs       10m0s
public_traffic   [  69% ] 100/100 VUs  11m03.3s/16m00.0s
write_traffic  ✓ [ 100% ] 5 VUs        10m0s

running (11m10.9s), 100/115 VUs, 5783 complete and 0 interrupted iterations
auth_traffic   ✓ [ 100% ] 10 VUs       10m0s
public_traffic   [  69% ] 100/100 VUs  11m04.3s/16m00.0s
write_traffic  ✓ [ 100% ] 5 VUs        10m0s

running (11m11.9s), 100/115 VUs, 5797 complete and 0 interrupted iterations
auth_traffic   ✓ [ 100% ] 10 VUs       10m0s
public_traffic   [  69% ] 100/100 VUs  11m05.3s/16m00.0s
write_traffic  ✓ [ 100% ] 5 VUs        10m0s

running (11m12.9s), 100/115 VUs, 5809 complete and 0 interrupted iterations
auth_traffic   ✓ [ 100% ] 10 VUs       10m0s
public_traffic   [  69% ] 100/100 VUs  11m06.3s/16m00.0s
write_traffic  ✓ [ 100% ] 5 VUs        10m0s

running (11m13.9s), 100/115 VUs, 5822 complete and 0 interrupted iterations
auth_traffic   ✓ [ 100% ] 10 VUs       10m0s
public_traffic   [  70% ] 100/100 VUs  11m07.3s/16m00.0s
write_traffic  ✓ [ 100% ] 5 VUs        10m0s

running (11m14.9s), 100/115 VUs, 5834 complete and 0 interrupted iterations
auth_traffic   ✓ [ 100% ] 10 VUs       10m0s
public_traffic   [  70% ] 100/100 VUs  11m08.3s/16m00.0s
write_traffic  ✓ [ 100% ] 5 VUs        10m0s

running (11m15.9s), 100/115 VUs, 5850 complete and 0 interrupted iterations
auth_traffic   ✓ [ 100% ] 10 VUs       10m0s
public_traffic   [  70% ] 100/100 VUs  11m09.3s/16m00.0s
write_traffic  ✓ [ 100% ] 5 VUs        10m0s

running (11m16.9s), 100/115 VUs, 5860 complete and 0 interrupted iterations
auth_traffic   ✓ [ 100% ] 10 VUs       10m0s
public_traffic   [  70% ] 100/100 VUs  11m10.3s/16m00.0s
write_traffic  ✓ [ 100% ] 5 VUs        10m0s

running (11m17.9s), 100/115 VUs, 5874 complete and 0 interrupted iterations
auth_traffic   ✓ [ 100% ] 10 VUs       10m0s
public_traffic   [  70% ] 100/100 VUs  11m11.3s/16m00.0s
write_traffic  ✓ [ 100% ] 5 VUs        10m0s

running (11m18.9s), 100/115 VUs, 5884 complete and 0 interrupted iterations
auth_traffic   ✓ [ 100% ] 10 VUs       10m0s
public_traffic   [  70% ] 100/100 VUs  11m12.3s/16m00.0s
write_traffic  ✓ [ 100% ] 5 VUs        10m0s

running (11m19.9s), 100/115 VUs, 5898 complete and 0 interrupted iterations
auth_traffic   ✓ [ 100% ] 10 VUs       10m0s
public_traffic   [  70% ] 100/100 VUs  11m13.3s/16m00.0s
write_traffic  ✓ [ 100% ] 5 VUs        10m0s

running (11m20.9s), 100/115 VUs, 5911 complete and 0 interrupted iterations
auth_traffic   ✓ [ 100% ] 10 VUs       10m0s
public_traffic   [  70% ] 100/100 VUs  11m14.3s/16m00.0s
write_traffic  ✓ [ 100% ] 5 VUs        10m0s

running (11m21.9s), 100/115 VUs, 5924 complete and 0 interrupted iterations
auth_traffic   ✓ [ 100% ] 10 VUs       10m0s
public_traffic   [  70% ] 100/100 VUs  11m15.3s/16m00.0s
write_traffic  ✓ [ 100% ] 5 VUs        10m0s

running (11m22.9s), 100/115 VUs, 5940 complete and 0 interrupted iterations
auth_traffic   ✓ [ 100% ] 10 VUs       10m0s
public_traffic   [  70% ] 100/100 VUs  11m16.3s/16m00.0s
write_traffic  ✓ [ 100% ] 5 VUs        10m0s

running (11m23.9s), 100/115 VUs, 5949 complete and 0 interrupted iterations
auth_traffic   ✓ [ 100% ] 10 VUs       10m0s
public_traffic   [  71% ] 100/100 VUs  11m17.3s/16m00.0s
write_traffic  ✓ [ 100% ] 5 VUs        10m0s

running (11m24.9s), 100/115 VUs, 5967 complete and 0 interrupted iterations
auth_traffic   ✓ [ 100% ] 10 VUs       10m0s
public_traffic   [  71% ] 100/100 VUs  11m18.3s/16m00.0s
write_traffic  ✓ [ 100% ] 5 VUs        10m0s

running (11m25.9s), 100/115 VUs, 5975 complete and 0 interrupted iterations
auth_traffic   ✓ [ 100% ] 10 VUs       10m0s
public_traffic   [  71% ] 100/100 VUs  11m19.3s/16m00.0s
write_traffic  ✓ [ 100% ] 5 VUs        10m0s

running (11m26.9s), 100/115 VUs, 5990 complete and 0 interrupted iterations
auth_traffic   ✓ [ 100% ] 10 VUs       10m0s
public_traffic   [  71% ] 100/100 VUs  11m20.3s/16m00.0s
write_traffic  ✓ [ 100% ] 5 VUs        10m0s

running (11m27.9s), 100/115 VUs, 6002 complete and 0 interrupted iterations
auth_traffic   ✓ [ 100% ] 10 VUs       10m0s
public_traffic   [  71% ] 100/100 VUs  11m21.3s/16m00.0s
write_traffic  ✓ [ 100% ] 5 VUs        10m0s

running (11m28.9s), 100/115 VUs, 6014 complete and 0 interrupted iterations
auth_traffic   ✓ [ 100% ] 10 VUs       10m0s
public_traffic   [  71% ] 100/100 VUs  11m22.3s/16m00.0s
write_traffic  ✓ [ 100% ] 5 VUs        10m0s

running (11m29.9s), 100/115 VUs, 6028 complete and 0 interrupted iterations
auth_traffic   ✓ [ 100% ] 10 VUs       10m0s
public_traffic   [  71% ] 100/100 VUs  11m23.4s/16m00.0s
write_traffic  ✓ [ 100% ] 5 VUs        10m0s

running (11m30.9s), 100/115 VUs, 6041 complete and 0 interrupted iterations
auth_traffic   ✓ [ 100% ] 10 VUs       10m0s
public_traffic   [  71% ] 100/100 VUs  11m24.3s/16m00.0s
write_traffic  ✓ [ 100% ] 5 VUs        10m0s

running (11m31.9s), 100/115 VUs, 6056 complete and 0 interrupted iterations
auth_traffic   ✓ [ 100% ] 10 VUs       10m0s
public_traffic   [  71% ] 100/100 VUs  11m25.3s/16m00.0s
write_traffic  ✓ [ 100% ] 5 VUs        10m0s

running (11m32.9s), 100/115 VUs, 6066 complete and 0 interrupted iterations
auth_traffic   ✓ [ 100% ] 10 VUs       10m0s
public_traffic   [  71% ] 100/100 VUs  11m26.3s/16m00.0s
write_traffic  ✓ [ 100% ] 5 VUs        10m0s

running (11m33.9s), 100/115 VUs, 6081 complete and 0 interrupted iterations
auth_traffic   ✓ [ 100% ] 10 VUs       10m0s
public_traffic   [  72% ] 100/100 VUs  11m27.3s/16m00.0s
write_traffic  ✓ [ 100% ] 5 VUs        10m0s

running (11m34.9s), 100/115 VUs, 6089 complete and 0 interrupted iterations
auth_traffic   ✓ [ 100% ] 10 VUs       10m0s
public_traffic   [  72% ] 100/100 VUs  11m28.3s/16m00.0s
write_traffic  ✓ [ 100% ] 5 VUs        10m0s

running (11m35.9s), 100/115 VUs, 6100 complete and 0 interrupted iterations
auth_traffic   ✓ [ 100% ] 10 VUs       10m0s
public_traffic   [  72% ] 100/100 VUs  11m29.3s/16m00.0s
write_traffic  ✓ [ 100% ] 5 VUs        10m0s

running (11m36.9s), 100/115 VUs, 6115 complete and 0 interrupted iterations
auth_traffic   ✓ [ 100% ] 10 VUs       10m0s
public_traffic   [  72% ] 100/100 VUs  11m30.3s/16m00.0s
write_traffic  ✓ [ 100% ] 5 VUs        10m0s

running (11m37.9s), 100/115 VUs, 6128 complete and 0 interrupted iterations
auth_traffic   ✓ [ 100% ] 10 VUs       10m0s
public_traffic   [  72% ] 100/100 VUs  11m31.3s/16m00.0s
write_traffic  ✓ [ 100% ] 5 VUs        10m0s

running (11m38.9s), 100/115 VUs, 6141 complete and 0 interrupted iterations
auth_traffic   ✓ [ 100% ] 10 VUs       10m0s
public_traffic   [  72% ] 100/100 VUs  11m32.3s/16m00.0s
write_traffic  ✓ [ 100% ] 5 VUs        10m0s

running (11m39.9s), 100/115 VUs, 6159 complete and 0 interrupted iterations
auth_traffic   ✓ [ 100% ] 10 VUs       10m0s
public_traffic   [  72% ] 100/100 VUs  11m33.3s/16m00.0s
write_traffic  ✓ [ 100% ] 5 VUs        10m0s

running (11m40.9s), 100/115 VUs, 6172 complete and 0 interrupted iterations
auth_traffic   ✓ [ 100% ] 10 VUs       10m0s
public_traffic   [  72% ] 100/100 VUs  11m34.3s/16m00.0s
write_traffic  ✓ [ 100% ] 5 VUs        10m0s

running (11m41.9s), 100/115 VUs, 6183 complete and 0 interrupted iterations
auth_traffic   ✓ [ 100% ] 10 VUs       10m0s
public_traffic   [  72% ] 100/100 VUs  11m35.3s/16m00.0s
write_traffic  ✓ [ 100% ] 5 VUs        10m0s

running (11m42.9s), 100/115 VUs, 6193 complete and 0 interrupted iterations
auth_traffic   ✓ [ 100% ] 10 VUs       10m0s
public_traffic   [  73% ] 100/100 VUs  11m36.3s/16m00.0s
write_traffic  ✓ [ 100% ] 5 VUs        10m0s

running (11m43.9s), 100/115 VUs, 6204 complete and 0 interrupted iterations
auth_traffic   ✓ [ 100% ] 10 VUs       10m0s
public_traffic   [  73% ] 100/100 VUs  11m37.3s/16m00.0s
write_traffic  ✓ [ 100% ] 5 VUs        10m0s

running (11m44.9s), 100/115 VUs, 6217 complete and 0 interrupted iterations
auth_traffic   ✓ [ 100% ] 10 VUs       10m0s
public_traffic   [  73% ] 100/100 VUs  11m38.3s/16m00.0s
write_traffic  ✓ [ 100% ] 5 VUs        10m0s

running (11m45.9s), 100/115 VUs, 6236 complete and 0 interrupted iterations
auth_traffic   ✓ [ 100% ] 10 VUs       10m0s
public_traffic   [  73% ] 100/100 VUs  11m39.4s/16m00.0s
write_traffic  ✓ [ 100% ] 5 VUs        10m0s

running (11m46.9s), 100/115 VUs, 6245 complete and 0 interrupted iterations
auth_traffic   ✓ [ 100% ] 10 VUs       10m0s
public_traffic   [  73% ] 100/100 VUs  11m40.3s/16m00.0s
write_traffic  ✓ [ 100% ] 5 VUs        10m0s

running (11m47.9s), 100/115 VUs, 6260 complete and 0 interrupted iterations
auth_traffic   ✓ [ 100% ] 10 VUs       10m0s
public_traffic   [  73% ] 100/100 VUs  11m41.3s/16m00.0s
write_traffic  ✓ [ 100% ] 5 VUs        10m0s

running (11m48.9s), 100/115 VUs, 6277 complete and 0 interrupted iterations
auth_traffic   ✓ [ 100% ] 10 VUs       10m0s
public_traffic   [  73% ] 100/100 VUs  11m42.3s/16m00.0s
write_traffic  ✓ [ 100% ] 5 VUs        10m0s

running (11m49.9s), 100/115 VUs, 6290 complete and 0 interrupted iterations
auth_traffic   ✓ [ 100% ] 10 VUs       10m0s
public_traffic   [  73% ] 100/100 VUs  11m43.3s/16m00.0s
write_traffic  ✓ [ 100% ] 5 VUs        10m0s

running (11m50.9s), 100/115 VUs, 6296 complete and 0 interrupted iterations
auth_traffic   ✓ [ 100% ] 10 VUs       10m0s
public_traffic   [  73% ] 100/100 VUs  11m44.3s/16m00.0s
write_traffic  ✓ [ 100% ] 5 VUs        10m0s

running (11m51.9s), 100/115 VUs, 6311 complete and 0 interrupted iterations
auth_traffic   ✓ [ 100% ] 10 VUs       10m0s
public_traffic   [  73% ] 100/100 VUs  11m45.3s/16m00.0s
write_traffic  ✓ [ 100% ] 5 VUs        10m0s

running (11m52.9s), 100/115 VUs, 6324 complete and 0 interrupted iterations
auth_traffic   ✓ [ 100% ] 10 VUs       10m0s
public_traffic   [  74% ] 100/100 VUs  11m46.3s/16m00.0s
write_traffic  ✓ [ 100% ] 5 VUs        10m0s

running (11m53.9s), 100/115 VUs, 6340 complete and 0 interrupted iterations
auth_traffic   ✓ [ 100% ] 10 VUs       10m0s
public_traffic   [  74% ] 100/100 VUs  11m47.3s/16m00.0s
write_traffic  ✓ [ 100% ] 5 VUs        10m0s

running (11m54.9s), 100/115 VUs, 6358 complete and 0 interrupted iterations
auth_traffic   ✓ [ 100% ] 10 VUs       10m0s
public_traffic   [  74% ] 100/100 VUs  11m48.3s/16m00.0s
write_traffic  ✓ [ 100% ] 5 VUs        10m0s

running (11m55.9s), 100/115 VUs, 6365 complete and 0 interrupted iterations
auth_traffic   ✓ [ 100% ] 10 VUs       10m0s
public_traffic   [  74% ] 100/100 VUs  11m49.3s/16m00.0s
write_traffic  ✓ [ 100% ] 5 VUs        10m0s

running (11m56.9s), 100/115 VUs, 6380 complete and 0 interrupted iterations
auth_traffic   ✓ [ 100% ] 10 VUs       10m0s
public_traffic   [  74% ] 100/100 VUs  11m50.3s/16m00.0s
write_traffic  ✓ [ 100% ] 5 VUs        10m0s

running (11m57.9s), 100/115 VUs, 6389 complete and 0 interrupted iterations
auth_traffic   ✓ [ 100% ] 10 VUs       10m0s
public_traffic   [  74% ] 100/100 VUs  11m51.3s/16m00.0s
write_traffic  ✓ [ 100% ] 5 VUs        10m0s

running (11m58.9s), 100/115 VUs, 6402 complete and 0 interrupted iterations
auth_traffic   ✓ [ 100% ] 10 VUs       10m0s
public_traffic   [  74% ] 100/100 VUs  11m52.3s/16m00.0s
write_traffic  ✓ [ 100% ] 5 VUs        10m0s

running (11m59.9s), 100/115 VUs, 6418 complete and 0 interrupted iterations
auth_traffic   ✓ [ 100% ] 10 VUs       10m0s
public_traffic   [  74% ] 100/100 VUs  11m53.3s/16m00.0s
write_traffic  ✓ [ 100% ] 5 VUs        10m0s

running (12m00.9s), 100/115 VUs, 6434 complete and 0 interrupted iterations
auth_traffic   ✓ [ 100% ] 10 VUs       10m0s
public_traffic   [  74% ] 100/100 VUs  11m54.3s/16m00.0s
write_traffic  ✓ [ 100% ] 5 VUs        10m0s

running (12m01.9s), 100/115 VUs, 6442 complete and 0 interrupted iterations
auth_traffic   ✓ [ 100% ] 10 VUs       10m0s
public_traffic   [  75% ] 100/100 VUs  11m55.3s/16m00.0s
write_traffic  ✓ [ 100% ] 5 VUs        10m0s

running (12m02.9s), 100/115 VUs, 6456 complete and 0 interrupted iterations
auth_traffic   ✓ [ 100% ] 10 VUs       10m0s
public_traffic   [  75% ] 100/100 VUs  11m56.3s/16m00.0s
write_traffic  ✓ [ 100% ] 5 VUs        10m0s

running (12m03.9s), 100/115 VUs, 6469 complete and 0 interrupted iterations
auth_traffic   ✓ [ 100% ] 10 VUs       10m0s
public_traffic   [  75% ] 100/100 VUs  11m57.3s/16m00.0s
write_traffic  ✓ [ 100% ] 5 VUs        10m0s

running (12m04.9s), 100/115 VUs, 6481 complete and 0 interrupted iterations
auth_traffic   ✓ [ 100% ] 10 VUs       10m0s
public_traffic   [  75% ] 100/100 VUs  11m58.3s/16m00.0s
write_traffic  ✓ [ 100% ] 5 VUs        10m0s

running (12m05.9s), 100/115 VUs, 6492 complete and 0 interrupted iterations
auth_traffic   ✓ [ 100% ] 10 VUs       10m0s
public_traffic   [  75% ] 100/100 VUs  11m59.3s/16m00.0s
write_traffic  ✓ [ 100% ] 5 VUs        10m0s

running (12m06.9s), 100/115 VUs, 6508 complete and 0 interrupted iterations
auth_traffic   ✓ [ 100% ] 10 VUs       10m0s
public_traffic   [  75% ] 100/100 VUs  12m00.3s/16m00.0s
write_traffic  ✓ [ 100% ] 5 VUs        10m0s

running (12m07.9s), 100/115 VUs, 6523 complete and 0 interrupted iterations
auth_traffic   ✓ [ 100% ] 10 VUs       10m0s
public_traffic   [  75% ] 100/100 VUs  12m01.3s/16m00.0s
write_traffic  ✓ [ 100% ] 5 VUs        10m0s

running (12m08.9s), 100/115 VUs, 6534 complete and 0 interrupted iterations
auth_traffic   ✓ [ 100% ] 10 VUs       10m0s
public_traffic   [  75% ] 100/100 VUs  12m02.3s/16m00.0s
write_traffic  ✓ [ 100% ] 5 VUs        10m0s

running (12m09.9s), 100/115 VUs, 6545 complete and 0 interrupted iterations
auth_traffic   ✓ [ 100% ] 10 VUs       10m0s
public_traffic   [  75% ] 100/100 VUs  12m03.3s/16m00.0s
write_traffic  ✓ [ 100% ] 5 VUs        10m0s

running (12m10.9s), 100/115 VUs, 6561 complete and 0 interrupted iterations
auth_traffic   ✓ [ 100% ] 10 VUs       10m0s
public_traffic   [  75% ] 100/100 VUs  12m04.3s/16m00.0s
write_traffic  ✓ [ 100% ] 5 VUs        10m0s

running (12m11.9s), 100/115 VUs, 6571 complete and 0 interrupted iterations
auth_traffic   ✓ [ 100% ] 10 VUs       10m0s
public_traffic   [  76% ] 100/100 VUs  12m05.3s/16m00.0s
write_traffic  ✓ [ 100% ] 5 VUs        10m0s

running (12m12.9s), 100/115 VUs, 6584 complete and 0 interrupted iterations
auth_traffic   ✓ [ 100% ] 10 VUs       10m0s
public_traffic   [  76% ] 100/100 VUs  12m06.3s/16m00.0s
write_traffic  ✓ [ 100% ] 5 VUs        10m0s

running (12m13.9s), 100/115 VUs, 6599 complete and 0 interrupted iterations
auth_traffic   ✓ [ 100% ] 10 VUs       10m0s
public_traffic   [  76% ] 100/100 VUs  12m07.3s/16m00.0s
write_traffic  ✓ [ 100% ] 5 VUs        10m0s

running (12m14.9s), 100/115 VUs, 6612 complete and 0 interrupted iterations
auth_traffic   ✓ [ 100% ] 10 VUs       10m0s
public_traffic   [  76% ] 100/100 VUs  12m08.3s/16m00.0s
write_traffic  ✓ [ 100% ] 5 VUs        10m0s

running (12m15.9s), 100/115 VUs, 6626 complete and 0 interrupted iterations
auth_traffic   ✓ [ 100% ] 10 VUs       10m0s
public_traffic   [  76% ] 100/100 VUs  12m09.3s/16m00.0s
write_traffic  ✓ [ 100% ] 5 VUs        10m0s

running (12m16.9s), 100/115 VUs, 6640 complete and 0 interrupted iterations
auth_traffic   ✓ [ 100% ] 10 VUs       10m0s
public_traffic   [  76% ] 100/100 VUs  12m10.3s/16m00.0s
write_traffic  ✓ [ 100% ] 5 VUs        10m0s

running (12m17.9s), 100/115 VUs, 6650 complete and 0 interrupted iterations
auth_traffic   ✓ [ 100% ] 10 VUs       10m0s
public_traffic   [  76% ] 100/100 VUs  12m11.3s/16m00.0s
write_traffic  ✓ [ 100% ] 5 VUs        10m0s

running (12m18.9s), 100/115 VUs, 6662 complete and 0 interrupted iterations
auth_traffic   ✓ [ 100% ] 10 VUs       10m0s
public_traffic   [  76% ] 100/100 VUs  12m12.3s/16m00.0s
write_traffic  ✓ [ 100% ] 5 VUs        10m0s

running (12m19.9s), 100/115 VUs, 6675 complete and 0 interrupted iterations
auth_traffic   ✓ [ 100% ] 10 VUs       10m0s
public_traffic   [  76% ] 100/100 VUs  12m13.3s/16m00.0s
write_traffic  ✓ [ 100% ] 5 VUs        10m0s

running (12m20.9s), 100/115 VUs, 6688 complete and 0 interrupted iterations
auth_traffic   ✓ [ 100% ] 10 VUs       10m0s
public_traffic   [  76% ] 100/100 VUs  12m14.3s/16m00.0s
write_traffic  ✓ [ 100% ] 5 VUs        10m0s

running (12m21.9s), 100/115 VUs, 6703 complete and 0 interrupted iterations
auth_traffic   ✓ [ 100% ] 10 VUs       10m0s
public_traffic   [  77% ] 100/100 VUs  12m15.3s/16m00.0s
write_traffic  ✓ [ 100% ] 5 VUs        10m0s

running (12m22.9s), 100/115 VUs, 6715 complete and 0 interrupted iterations
auth_traffic   ✓ [ 100% ] 10 VUs       10m0s
public_traffic   [  77% ] 100/100 VUs  12m16.3s/16m00.0s
write_traffic  ✓ [ 100% ] 5 VUs        10m0s

running (12m23.9s), 100/115 VUs, 6727 complete and 0 interrupted iterations
auth_traffic   ✓ [ 100% ] 10 VUs       10m0s
public_traffic   [  77% ] 100/100 VUs  12m17.3s/16m00.0s
write_traffic  ✓ [ 100% ] 5 VUs        10m0s

running (12m24.9s), 100/115 VUs, 6737 complete and 0 interrupted iterations
auth_traffic   ✓ [ 100% ] 10 VUs       10m0s
public_traffic   [  77% ] 100/100 VUs  12m18.3s/16m00.0s
write_traffic  ✓ [ 100% ] 5 VUs        10m0s

running (12m25.9s), 100/115 VUs, 6751 complete and 0 interrupted iterations
auth_traffic   ✓ [ 100% ] 10 VUs       10m0s
public_traffic   [  77% ] 100/100 VUs  12m19.3s/16m00.0s
write_traffic  ✓ [ 100% ] 5 VUs        10m0s

running (12m26.9s), 100/115 VUs, 6764 complete and 0 interrupted iterations
auth_traffic   ✓ [ 100% ] 10 VUs       10m0s
public_traffic   [  77% ] 100/100 VUs  12m20.3s/16m00.0s
write_traffic  ✓ [ 100% ] 5 VUs        10m0s

running (12m27.9s), 100/115 VUs, 6779 complete and 0 interrupted iterations
auth_traffic   ✓ [ 100% ] 10 VUs       10m0s
public_traffic   [  77% ] 100/100 VUs  12m21.3s/16m00.0s
write_traffic  ✓ [ 100% ] 5 VUs        10m0s

running (12m28.9s), 100/115 VUs, 6790 complete and 0 interrupted iterations
auth_traffic   ✓ [ 100% ] 10 VUs       10m0s
public_traffic   [  77% ] 100/100 VUs  12m22.3s/16m00.0s
write_traffic  ✓ [ 100% ] 5 VUs        10m0s

running (12m29.9s), 100/115 VUs, 6803 complete and 0 interrupted iterations
auth_traffic   ✓ [ 100% ] 10 VUs       10m0s
public_traffic   [  77% ] 100/100 VUs  12m23.3s/16m00.0s
write_traffic  ✓ [ 100% ] 5 VUs        10m0s

running (12m30.9s), 100/115 VUs, 6815 complete and 0 interrupted iterations
auth_traffic   ✓ [ 100% ] 10 VUs       10m0s
public_traffic   [  78% ] 100/100 VUs  12m24.3s/16m00.0s
write_traffic  ✓ [ 100% ] 5 VUs        10m0s

running (12m31.9s), 100/115 VUs, 6826 complete and 0 interrupted iterations
auth_traffic   ✓ [ 100% ] 10 VUs       10m0s
public_traffic   [  78% ] 100/100 VUs  12m25.3s/16m00.0s
write_traffic  ✓ [ 100% ] 5 VUs        10m0s

running (12m32.9s), 100/115 VUs, 6844 complete and 0 interrupted iterations
auth_traffic   ✓ [ 100% ] 10 VUs       10m0s
public_traffic   [  78% ] 100/100 VUs  12m26.3s/16m00.0s
write_traffic  ✓ [ 100% ] 5 VUs        10m0s

running (12m33.9s), 100/115 VUs, 6853 complete and 0 interrupted iterations
auth_traffic   ✓ [ 100% ] 10 VUs       10m0s
public_traffic   [  78% ] 100/100 VUs  12m27.3s/16m00.0s
write_traffic  ✓ [ 100% ] 5 VUs        10m0s

running (12m34.9s), 100/115 VUs, 6869 complete and 0 interrupted iterations
auth_traffic   ✓ [ 100% ] 10 VUs       10m0s
public_traffic   [  78% ] 100/100 VUs  12m28.3s/16m00.0s
write_traffic  ✓ [ 100% ] 5 VUs        10m0s

running (12m35.9s), 100/115 VUs, 6882 complete and 0 interrupted iterations
auth_traffic   ✓ [ 100% ] 10 VUs       10m0s
public_traffic   [  78% ] 100/100 VUs  12m29.3s/16m00.0s
write_traffic  ✓ [ 100% ] 5 VUs        10m0s

running (12m36.9s), 100/115 VUs, 6892 complete and 0 interrupted iterations
auth_traffic   ✓ [ 100% ] 10 VUs       10m0s
public_traffic   [  78% ] 100/100 VUs  12m30.3s/16m00.0s
write_traffic  ✓ [ 100% ] 5 VUs        10m0s

running (12m37.9s), 100/115 VUs, 6907 complete and 0 interrupted iterations
auth_traffic   ✓ [ 100% ] 10 VUs       10m0s
public_traffic   [  78% ] 100/100 VUs  12m31.3s/16m00.0s
write_traffic  ✓ [ 100% ] 5 VUs        10m0s

running (12m38.9s), 100/115 VUs, 6920 complete and 0 interrupted iterations
auth_traffic   ✓ [ 100% ] 10 VUs       10m0s
public_traffic   [  78% ] 100/100 VUs  12m32.3s/16m00.0s
write_traffic  ✓ [ 100% ] 5 VUs        10m0s

running (12m39.9s), 100/115 VUs, 6931 complete and 0 interrupted iterations
auth_traffic   ✓ [ 100% ] 10 VUs       10m0s
public_traffic   [  78% ] 100/100 VUs  12m33.3s/16m00.0s
write_traffic  ✓ [ 100% ] 5 VUs        10m0s

running (12m40.9s), 100/115 VUs, 6946 complete and 0 interrupted iterations
auth_traffic   ✓ [ 100% ] 10 VUs       10m0s
public_traffic   [  79% ] 100/100 VUs  12m34.3s/16m00.0s
write_traffic  ✓ [ 100% ] 5 VUs        10m0s

running (12m41.9s), 100/115 VUs, 6966 complete and 0 interrupted iterations
auth_traffic   ✓ [ 100% ] 10 VUs       10m0s
public_traffic   [  79% ] 100/100 VUs  12m35.3s/16m00.0s
write_traffic  ✓ [ 100% ] 5 VUs        10m0s

running (12m42.9s), 100/115 VUs, 6973 complete and 0 interrupted iterations
auth_traffic   ✓ [ 100% ] 10 VUs       10m0s
public_traffic   [  79% ] 100/100 VUs  12m36.3s/16m00.0s
write_traffic  ✓ [ 100% ] 5 VUs        10m0s

running (12m43.9s), 100/115 VUs, 6983 complete and 0 interrupted iterations
auth_traffic   ✓ [ 100% ] 10 VUs       10m0s
public_traffic   [  79% ] 100/100 VUs  12m37.3s/16m00.0s
write_traffic  ✓ [ 100% ] 5 VUs        10m0s

running (12m44.9s), 100/115 VUs, 6994 complete and 0 interrupted iterations
auth_traffic   ✓ [ 100% ] 10 VUs       10m0s
public_traffic   [  79% ] 100/100 VUs  12m38.3s/16m00.0s
write_traffic  ✓ [ 100% ] 5 VUs        10m0s

running (12m45.9s), 100/115 VUs, 7010 complete and 0 interrupted iterations
auth_traffic   ✓ [ 100% ] 10 VUs       10m0s
public_traffic   [  79% ] 100/100 VUs  12m39.3s/16m00.0s
write_traffic  ✓ [ 100% ] 5 VUs        10m0s

running (12m46.9s), 100/115 VUs, 7024 complete and 0 interrupted iterations
auth_traffic   ✓ [ 100% ] 10 VUs       10m0s
public_traffic   [  79% ] 100/100 VUs  12m40.3s/16m00.0s
write_traffic  ✓ [ 100% ] 5 VUs        10m0s

running (12m47.9s), 100/115 VUs, 7039 complete and 0 interrupted iterations
auth_traffic   ✓ [ 100% ] 10 VUs       10m0s
public_traffic   [  79% ] 100/100 VUs  12m41.3s/16m00.0s
write_traffic  ✓ [ 100% ] 5 VUs        10m0s

running (12m48.9s), 100/115 VUs, 7056 complete and 0 interrupted iterations
auth_traffic   ✓ [ 100% ] 10 VUs       10m0s
public_traffic   [  79% ] 100/100 VUs  12m42.3s/16m00.0s
write_traffic  ✓ [ 100% ] 5 VUs        10m0s

running (12m49.9s), 100/115 VUs, 7066 complete and 0 interrupted iterations
auth_traffic   ✓ [ 100% ] 10 VUs       10m0s
public_traffic   [  80% ] 100/100 VUs  12m43.3s/16m00.0s
write_traffic  ✓ [ 100% ] 5 VUs        10m0s

running (12m50.9s), 100/115 VUs, 7077 complete and 0 interrupted iterations
auth_traffic   ✓ [ 100% ] 10 VUs       10m0s
public_traffic   [  80% ] 100/100 VUs  12m44.3s/16m00.0s
write_traffic  ✓ [ 100% ] 5 VUs        10m0s

running (12m51.9s), 100/115 VUs, 7086 complete and 0 interrupted iterations
auth_traffic   ✓ [ 100% ] 10 VUs       10m0s
public_traffic   [  80% ] 100/100 VUs  12m45.3s/16m00.0s
write_traffic  ✓ [ 100% ] 5 VUs        10m0s

running (12m52.9s), 100/115 VUs, 7099 complete and 0 interrupted iterations
auth_traffic   ✓ [ 100% ] 10 VUs       10m0s
public_traffic   [  80% ] 100/100 VUs  12m46.3s/16m00.0s
write_traffic  ✓ [ 100% ] 5 VUs        10m0s

running (12m53.9s), 100/115 VUs, 7110 complete and 0 interrupted iterations
auth_traffic   ✓ [ 100% ] 10 VUs       10m0s
public_traffic   [  80% ] 100/100 VUs  12m47.3s/16m00.0s
write_traffic  ✓ [ 100% ] 5 VUs        10m0s

running (12m54.9s), 100/115 VUs, 7128 complete and 0 interrupted iterations
auth_traffic   ✓ [ 100% ] 10 VUs       10m0s
public_traffic   [  80% ] 100/100 VUs  12m48.3s/16m00.0s
write_traffic  ✓ [ 100% ] 5 VUs        10m0s

running (12m55.9s), 100/115 VUs, 7140 complete and 0 interrupted iterations
auth_traffic   ✓ [ 100% ] 10 VUs       10m0s
public_traffic   [  80% ] 100/100 VUs  12m49.3s/16m00.0s
write_traffic  ✓ [ 100% ] 5 VUs        10m0s

running (12m56.9s), 100/115 VUs, 7154 complete and 0 interrupted iterations
auth_traffic   ✓ [ 100% ] 10 VUs       10m0s
public_traffic   [  80% ] 100/100 VUs  12m50.3s/16m00.0s
write_traffic  ✓ [ 100% ] 5 VUs        10m0s

running (12m57.9s), 100/115 VUs, 7171 complete and 0 interrupted iterations
auth_traffic   ✓ [ 100% ] 10 VUs       10m0s
public_traffic   [  80% ] 100/100 VUs  12m51.3s/16m00.0s
write_traffic  ✓ [ 100% ] 5 VUs        10m0s

running (12m58.9s), 100/115 VUs, 7178 complete and 0 interrupted iterations
auth_traffic   ✓ [ 100% ] 10 VUs       10m0s
public_traffic   [  80% ] 100/100 VUs  12m52.3s/16m00.0s
write_traffic  ✓ [ 100% ] 5 VUs        10m0s

running (12m59.9s), 100/115 VUs, 7189 complete and 0 interrupted iterations
auth_traffic   ✓ [ 100% ] 10 VUs       10m0s
public_traffic   [  81% ] 100/100 VUs  12m53.3s/16m00.0s
write_traffic  ✓ [ 100% ] 5 VUs        10m0s

running (13m00.9s), 100/115 VUs, 7203 complete and 0 interrupted iterations
auth_traffic   ✓ [ 100% ] 10 VUs       10m0s
public_traffic   [  81% ] 100/100 VUs  12m54.3s/16m00.0s
write_traffic  ✓ [ 100% ] 5 VUs        10m0s

running (13m01.9s), 100/115 VUs, 7216 complete and 0 interrupted iterations
auth_traffic   ✓ [ 100% ] 10 VUs       10m0s
public_traffic   [  81% ] 100/100 VUs  12m55.3s/16m00.0s
write_traffic  ✓ [ 100% ] 5 VUs        10m0s

running (13m02.9s), 100/115 VUs, 7231 complete and 0 interrupted iterations
auth_traffic   ✓ [ 100% ] 10 VUs       10m0s
public_traffic   [  81% ] 100/100 VUs  12m56.3s/16m00.0s
write_traffic  ✓ [ 100% ] 5 VUs        10m0s

running (13m03.9s), 100/115 VUs, 7244 complete and 0 interrupted iterations
auth_traffic   ✓ [ 100% ] 10 VUs       10m0s
public_traffic   [  81% ] 100/100 VUs  12m57.3s/16m00.0s
write_traffic  ✓ [ 100% ] 5 VUs        10m0s

running (13m04.9s), 100/115 VUs, 7258 complete and 0 interrupted iterations
auth_traffic   ✓ [ 100% ] 10 VUs       10m0s
public_traffic   [  81% ] 100/100 VUs  12m58.3s/16m00.0s
write_traffic  ✓ [ 100% ] 5 VUs        10m0s

running (13m05.9s), 100/115 VUs, 7272 complete and 0 interrupted iterations
auth_traffic   ✓ [ 100% ] 10 VUs       10m0s
public_traffic   [  81% ] 100/100 VUs  12m59.3s/16m00.0s
write_traffic  ✓ [ 100% ] 5 VUs        10m0s

running (13m06.9s), 100/115 VUs, 7283 complete and 0 interrupted iterations
auth_traffic   ✓ [ 100% ] 10 VUs       10m0s
public_traffic   [  81% ] 100/100 VUs  13m00.3s/16m00.0s
write_traffic  ✓ [ 100% ] 5 VUs        10m0s

running (13m07.9s), 100/115 VUs, 7292 complete and 0 interrupted iterations
auth_traffic   ✓ [ 100% ] 10 VUs       10m0s
public_traffic   [  81% ] 100/100 VUs  13m01.3s/16m00.0s
write_traffic  ✓ [ 100% ] 5 VUs        10m0s

running (13m08.9s), 100/115 VUs, 7304 complete and 0 interrupted iterations
auth_traffic   ✓ [ 100% ] 10 VUs       10m0s
public_traffic   [  81% ] 100/100 VUs  13m02.3s/16m00.0s
write_traffic  ✓ [ 100% ] 5 VUs        10m0s

running (13m09.9s), 100/115 VUs, 7321 complete and 0 interrupted iterations
auth_traffic   ✓ [ 100% ] 10 VUs       10m0s
public_traffic   [  82% ] 100/100 VUs  13m03.3s/16m00.0s
write_traffic  ✓ [ 100% ] 5 VUs        10m0s

running (13m10.9s), 100/115 VUs, 7334 complete and 0 interrupted iterations
auth_traffic   ✓ [ 100% ] 10 VUs       10m0s
public_traffic   [  82% ] 100/100 VUs  13m04.3s/16m00.0s
write_traffic  ✓ [ 100% ] 5 VUs        10m0s

running (13m11.9s), 100/115 VUs, 7350 complete and 0 interrupted iterations
auth_traffic   ✓ [ 100% ] 10 VUs       10m0s
public_traffic   [  82% ] 100/100 VUs  13m05.3s/16m00.0s
write_traffic  ✓ [ 100% ] 5 VUs        10m0s

running (13m12.9s), 100/115 VUs, 7364 complete and 0 interrupted iterations
auth_traffic   ✓ [ 100% ] 10 VUs       10m0s
public_traffic   [  82% ] 100/100 VUs  13m06.3s/16m00.0s
write_traffic  ✓ [ 100% ] 5 VUs        10m0s

running (13m13.9s), 100/115 VUs, 7376 complete and 0 interrupted iterations
auth_traffic   ✓ [ 100% ] 10 VUs       10m0s
public_traffic   [  82% ] 100/100 VUs  13m07.3s/16m00.0s
write_traffic  ✓ [ 100% ] 5 VUs        10m0s

running (13m14.9s), 100/115 VUs, 7385 complete and 0 interrupted iterations
auth_traffic   ✓ [ 100% ] 10 VUs       10m0s
public_traffic   [  82% ] 100/100 VUs  13m08.3s/16m00.0s
write_traffic  ✓ [ 100% ] 5 VUs        10m0s

running (13m15.9s), 100/115 VUs, 7399 complete and 0 interrupted iterations
auth_traffic   ✓ [ 100% ] 10 VUs       10m0s
public_traffic   [  82% ] 100/100 VUs  13m09.3s/16m00.0s
write_traffic  ✓ [ 100% ] 5 VUs        10m0s

running (13m16.9s), 100/115 VUs, 7412 complete and 0 interrupted iterations
auth_traffic   ✓ [ 100% ] 10 VUs       10m0s
public_traffic   [  82% ] 100/100 VUs  13m10.3s/16m00.0s
write_traffic  ✓ [ 100% ] 5 VUs        10m0s

running (13m17.9s), 100/115 VUs, 7427 complete and 0 interrupted iterations
auth_traffic   ✓ [ 100% ] 10 VUs       10m0s
public_traffic   [  82% ] 100/100 VUs  13m11.3s/16m00.0s
write_traffic  ✓ [ 100% ] 5 VUs        10m0s

running (13m18.9s), 100/115 VUs, 7438 complete and 0 interrupted iterations
auth_traffic   ✓ [ 100% ] 10 VUs       10m0s
public_traffic   [  83% ] 100/100 VUs  13m12.3s/16m00.0s
write_traffic  ✓ [ 100% ] 5 VUs        10m0s

running (13m19.9s), 100/115 VUs, 7451 complete and 0 interrupted iterations
auth_traffic   ✓ [ 100% ] 10 VUs       10m0s
public_traffic   [  83% ] 100/100 VUs  13m13.3s/16m00.0s
write_traffic  ✓ [ 100% ] 5 VUs        10m0s

running (13m20.9s), 100/115 VUs, 7465 complete and 0 interrupted iterations
auth_traffic   ✓ [ 100% ] 10 VUs       10m0s
public_traffic   [  83% ] 100/100 VUs  13m14.3s/16m00.0s
write_traffic  ✓ [ 100% ] 5 VUs        10m0s

running (13m21.9s), 100/115 VUs, 7479 complete and 0 interrupted iterations
auth_traffic   ✓ [ 100% ] 10 VUs       10m0s
public_traffic   [  83% ] 100/100 VUs  13m15.3s/16m00.0s
write_traffic  ✓ [ 100% ] 5 VUs        10m0s

running (13m22.9s), 100/115 VUs, 7491 complete and 0 interrupted iterations
auth_traffic   ✓ [ 100% ] 10 VUs       10m0s
public_traffic   [  83% ] 100/100 VUs  13m16.3s/16m00.0s
write_traffic  ✓ [ 100% ] 5 VUs        10m0s

running (13m23.9s), 100/115 VUs, 7502 complete and 0 interrupted iterations
auth_traffic   ✓ [ 100% ] 10 VUs       10m0s
public_traffic   [  83% ] 100/100 VUs  13m17.3s/16m00.0s
write_traffic  ✓ [ 100% ] 5 VUs        10m0s

running (13m24.9s), 100/115 VUs, 7511 complete and 0 interrupted iterations
auth_traffic   ✓ [ 100% ] 10 VUs       10m0s
public_traffic   [  83% ] 100/100 VUs  13m18.3s/16m00.0s
write_traffic  ✓ [ 100% ] 5 VUs        10m0s

running (13m25.9s), 100/115 VUs, 7529 complete and 0 interrupted iterations
auth_traffic   ✓ [ 100% ] 10 VUs       10m0s
public_traffic   [  83% ] 100/100 VUs  13m19.3s/16m00.0s
write_traffic  ✓ [ 100% ] 5 VUs        10m0s

running (13m26.9s), 100/115 VUs, 7543 complete and 0 interrupted iterations
auth_traffic   ✓ [ 100% ] 10 VUs       10m0s
public_traffic   [  83% ] 100/100 VUs  13m20.3s/16m00.0s
write_traffic  ✓ [ 100% ] 5 VUs        10m0s

running (13m27.9s), 100/115 VUs, 7555 complete and 0 interrupted iterations
auth_traffic   ✓ [ 100% ] 10 VUs       10m0s
public_traffic   [  83% ] 100/100 VUs  13m21.3s/16m00.0s
write_traffic  ✓ [ 100% ] 5 VUs        10m0s

running (13m28.9s), 100/115 VUs, 7566 complete and 0 interrupted iterations
auth_traffic   ✓ [ 100% ] 10 VUs       10m0s
public_traffic   [  84% ] 100/100 VUs  13m22.3s/16m00.0s
write_traffic  ✓ [ 100% ] 5 VUs        10m0s

running (13m29.9s), 100/115 VUs, 7583 complete and 0 interrupted iterations
auth_traffic   ✓ [ 100% ] 10 VUs       10m0s
public_traffic   [  84% ] 100/100 VUs  13m23.3s/16m00.0s
write_traffic  ✓ [ 100% ] 5 VUs        10m0s

running (13m30.9s), 100/115 VUs, 7596 complete and 0 interrupted iterations
auth_traffic   ✓ [ 100% ] 10 VUs       10m0s
public_traffic   [  84% ] 100/100 VUs  13m24.3s/16m00.0s
write_traffic  ✓ [ 100% ] 5 VUs        10m0s

running (13m31.9s), 100/115 VUs, 7602 complete and 0 interrupted iterations
auth_traffic   ✓ [ 100% ] 10 VUs       10m0s
public_traffic   [  84% ] 100/100 VUs  13m25.3s/16m00.0s
write_traffic  ✓ [ 100% ] 5 VUs        10m0s

running (13m32.9s), 100/115 VUs, 7620 complete and 0 interrupted iterations
auth_traffic   ✓ [ 100% ] 10 VUs       10m0s
public_traffic   [  84% ] 100/100 VUs  13m26.4s/16m00.0s
write_traffic  ✓ [ 100% ] 5 VUs        10m0s

running (13m33.9s), 100/115 VUs, 7632 complete and 0 interrupted iterations
auth_traffic   ✓ [ 100% ] 10 VUs       10m0s
public_traffic   [  84% ] 100/100 VUs  13m27.3s/16m00.0s
write_traffic  ✓ [ 100% ] 5 VUs        10m0s

running (13m34.9s), 100/115 VUs, 7643 complete and 0 interrupted iterations
auth_traffic   ✓ [ 100% ] 10 VUs       10m0s
public_traffic   [  84% ] 100/100 VUs  13m28.3s/16m00.0s
write_traffic  ✓ [ 100% ] 5 VUs        10m0s

running (13m35.9s), 100/115 VUs, 7658 complete and 0 interrupted iterations
auth_traffic   ✓ [ 100% ] 10 VUs       10m0s
public_traffic   [  84% ] 100/100 VUs  13m29.3s/16m00.0s
write_traffic  ✓ [ 100% ] 5 VUs        10m0s

running (13m36.9s), 100/115 VUs, 7670 complete and 0 interrupted iterations
auth_traffic   ✓ [ 100% ] 10 VUs       10m0s
public_traffic   [  84% ] 100/100 VUs  13m30.3s/16m00.0s
write_traffic  ✓ [ 100% ] 5 VUs        10m0s

running (13m38.2s), 100/115 VUs, 7690 complete and 0 interrupted iterations
auth_traffic   ✓ [ 100% ] 10 VUs       10m0s
public_traffic   [  85% ] 100/100 VUs  13m31.6s/16m00.0s
write_traffic  ✓ [ 100% ] 5 VUs        10m0s

running (13m38.9s), 100/115 VUs, 7699 complete and 0 interrupted iterations
auth_traffic   ✓ [ 100% ] 10 VUs       10m0s
public_traffic   [  85% ] 100/100 VUs  13m32.3s/16m00.0s
write_traffic  ✓ [ 100% ] 5 VUs        10m0s

running (13m39.9s), 100/115 VUs, 7704 complete and 0 interrupted iterations
auth_traffic   ✓ [ 100% ] 10 VUs       10m0s
public_traffic   [  85% ] 100/100 VUs  13m33.3s/16m00.0s
write_traffic  ✓ [ 100% ] 5 VUs        10m0s

running (13m40.9s), 100/115 VUs, 7712 complete and 0 interrupted iterations
auth_traffic   ✓ [ 100% ] 10 VUs       10m0s
public_traffic   [  85% ] 100/100 VUs  13m34.3s/16m00.0s
write_traffic  ✓ [ 100% ] 5 VUs        10m0s

running (13m41.9s), 100/115 VUs, 7726 complete and 0 interrupted iterations
auth_traffic   ✓ [ 100% ] 10 VUs       10m0s
public_traffic   [  85% ] 100/100 VUs  13m35.3s/16m00.0s
write_traffic  ✓ [ 100% ] 5 VUs        10m0s

running (13m42.9s), 100/115 VUs, 7735 complete and 0 interrupted iterations
auth_traffic   ✓ [ 100% ] 10 VUs       10m0s
public_traffic   [  85% ] 100/100 VUs  13m36.3s/16m00.0s
write_traffic  ✓ [ 100% ] 5 VUs        10m0s

running (13m43.9s), 100/115 VUs, 7745 complete and 0 interrupted iterations
auth_traffic   ✓ [ 100% ] 10 VUs       10m0s
public_traffic   [  85% ] 100/100 VUs  13m37.3s/16m00.0s
write_traffic  ✓ [ 100% ] 5 VUs        10m0s

running (13m44.9s), 100/115 VUs, 7758 complete and 0 interrupted iterations
auth_traffic   ✓ [ 100% ] 10 VUs       10m0s
public_traffic   [  85% ] 100/100 VUs  13m38.3s/16m00.0s
write_traffic  ✓ [ 100% ] 5 VUs        10m0s

running (13m45.9s), 100/115 VUs, 7783 complete and 0 interrupted iterations
auth_traffic   ✓ [ 100% ] 10 VUs       10m0s
public_traffic   [  85% ] 100/100 VUs  13m39.3s/16m00.0s
write_traffic  ✓ [ 100% ] 5 VUs        10m0s

running (13m46.9s), 100/115 VUs, 7796 complete and 0 interrupted iterations
auth_traffic   ✓ [ 100% ] 10 VUs       10m0s
public_traffic   [  85% ] 100/100 VUs  13m40.3s/16m00.0s
write_traffic  ✓ [ 100% ] 5 VUs        10m0s

running (13m47.9s), 100/115 VUs, 7803 complete and 0 interrupted iterations
auth_traffic   ✓ [ 100% ] 10 VUs       10m0s
public_traffic   [  86% ] 100/100 VUs  13m41.3s/16m00.0s
write_traffic  ✓ [ 100% ] 5 VUs        10m0s

running (13m48.9s), 100/115 VUs, 7816 complete and 0 interrupted iterations
auth_traffic   ✓ [ 100% ] 10 VUs       10m0s
public_traffic   [  86% ] 100/100 VUs  13m42.3s/16m00.0s
write_traffic  ✓ [ 100% ] 5 VUs        10m0s

running (13m49.9s), 100/115 VUs, 7827 complete and 0 interrupted iterations
auth_traffic   ✓ [ 100% ] 10 VUs       10m0s
public_traffic   [  86% ] 100/100 VUs  13m43.3s/16m00.0s
write_traffic  ✓ [ 100% ] 5 VUs        10m0s

running (13m50.9s), 100/115 VUs, 7834 complete and 0 interrupted iterations
auth_traffic   ✓ [ 100% ] 10 VUs       10m0s
public_traffic   [  86% ] 100/100 VUs  13m44.3s/16m00.0s
write_traffic  ✓ [ 100% ] 5 VUs        10m0s

running (13m51.9s), 100/115 VUs, 7843 complete and 0 interrupted iterations
auth_traffic   ✓ [ 100% ] 10 VUs       10m0s
public_traffic   [  86% ] 100/100 VUs  13m45.3s/16m00.0s
write_traffic  ✓ [ 100% ] 5 VUs        10m0s

running (13m52.9s), 100/115 VUs, 7864 complete and 0 interrupted iterations
auth_traffic   ✓ [ 100% ] 10 VUs       10m0s
public_traffic   [  86% ] 100/100 VUs  13m46.3s/16m00.0s
write_traffic  ✓ [ 100% ] 5 VUs        10m0s

running (13m53.9s), 100/115 VUs, 7881 complete and 0 interrupted iterations
auth_traffic   ✓ [ 100% ] 10 VUs       10m0s
public_traffic   [  86% ] 100/100 VUs  13m47.3s/16m00.0s
write_traffic  ✓ [ 100% ] 5 VUs        10m0s

running (13m54.9s), 100/115 VUs, 7896 complete and 0 interrupted iterations
auth_traffic   ✓ [ 100% ] 10 VUs       10m0s
public_traffic   [  86% ] 100/100 VUs  13m48.3s/16m00.0s
write_traffic  ✓ [ 100% ] 5 VUs        10m0s

running (13m55.9s), 100/115 VUs, 7908 complete and 0 interrupted iterations
auth_traffic   ✓ [ 100% ] 10 VUs       10m0s
public_traffic   [  86% ] 100/100 VUs  13m49.3s/16m00.0s
write_traffic  ✓ [ 100% ] 5 VUs        10m0s

running (13m56.9s), 100/115 VUs, 7920 complete and 0 interrupted iterations
auth_traffic   ✓ [ 100% ] 10 VUs       10m0s
public_traffic   [  86% ] 100/100 VUs  13m50.3s/16m00.0s
write_traffic  ✓ [ 100% ] 5 VUs        10m0s

running (13m57.9s), 100/115 VUs, 7932 complete and 0 interrupted iterations
auth_traffic   ✓ [ 100% ] 10 VUs       10m0s
public_traffic   [  87% ] 100/100 VUs  13m51.3s/16m00.0s
write_traffic  ✓ [ 100% ] 5 VUs        10m0s

running (13m58.9s), 100/115 VUs, 7940 complete and 0 interrupted iterations
auth_traffic   ✓ [ 100% ] 10 VUs       10m0s
public_traffic   [  87% ] 100/100 VUs  13m52.3s/16m00.0s
write_traffic  ✓ [ 100% ] 5 VUs        10m0s

running (13m59.9s), 100/115 VUs, 7950 complete and 0 interrupted iterations
auth_traffic   ✓ [ 100% ] 10 VUs       10m0s
public_traffic   [  87% ] 100/100 VUs  13m53.3s/16m00.0s
write_traffic  ✓ [ 100% ] 5 VUs        10m0s

running (14m00.9s), 100/115 VUs, 7972 complete and 0 interrupted iterations
auth_traffic   ✓ [ 100% ] 10 VUs       10m0s
public_traffic   [  87% ] 100/100 VUs  13m54.3s/16m00.0s
write_traffic  ✓ [ 100% ] 5 VUs        10m0s

running (14m01.9s), 100/115 VUs, 7986 complete and 0 interrupted iterations
auth_traffic   ✓ [ 100% ] 10 VUs       10m0s
public_traffic   [  87% ] 100/100 VUs  13m55.3s/16m00.0s
write_traffic  ✓ [ 100% ] 5 VUs        10m0s

running (14m02.9s), 100/115 VUs, 8000 complete and 0 interrupted iterations
auth_traffic   ✓ [ 100% ] 10 VUs       10m0s
public_traffic   [  87% ] 100/100 VUs  13m56.3s/16m00.0s
write_traffic  ✓ [ 100% ] 5 VUs        10m0s

running (14m03.9s), 100/115 VUs, 8013 complete and 0 interrupted iterations
auth_traffic   ✓ [ 100% ] 10 VUs       10m0s
public_traffic   [  87% ] 100/100 VUs  13m57.3s/16m00.0s
write_traffic  ✓ [ 100% ] 5 VUs        10m0s

running (14m04.9s), 100/115 VUs, 8025 complete and 0 interrupted iterations
auth_traffic   ✓ [ 100% ] 10 VUs       10m0s
public_traffic   [  87% ] 100/100 VUs  13m58.3s/16m00.0s
write_traffic  ✓ [ 100% ] 5 VUs        10m0s

running (14m05.9s), 100/115 VUs, 8036 complete and 0 interrupted iterations
auth_traffic   ✓ [ 100% ] 10 VUs       10m0s
public_traffic   [  87% ] 100/100 VUs  13m59.3s/16m00.0s
write_traffic  ✓ [ 100% ] 5 VUs        10m0s

running (14m06.9s), 100/115 VUs, 8044 complete and 0 interrupted iterations
auth_traffic   ✓ [ 100% ] 10 VUs       10m0s
public_traffic   [  88% ] 100/100 VUs  14m00.3s/16m00.0s
write_traffic  ✓ [ 100% ] 5 VUs        10m0s

running (14m07.9s), 100/115 VUs, 8055 complete and 0 interrupted iterations
auth_traffic   ✓ [ 100% ] 10 VUs       10m0s
public_traffic   [  88% ] 100/100 VUs  14m01.3s/16m00.0s
write_traffic  ✓ [ 100% ] 5 VUs        10m0s

running (14m08.9s), 100/115 VUs, 8072 complete and 0 interrupted iterations
auth_traffic   ✓ [ 100% ] 10 VUs       10m0s
public_traffic   [  88% ] 100/100 VUs  14m02.3s/16m00.0s
write_traffic  ✓ [ 100% ] 5 VUs        10m0s

running (14m09.9s), 099/115 VUs, 8090 complete and 0 interrupted iterations
auth_traffic   ✓ [ 100% ] 10 VUs       10m0s
public_traffic   [  88% ] 099/100 VUs  14m03.3s/16m00.0s
write_traffic  ✓ [ 100% ] 5 VUs        10m0s

running (14m10.9s), 099/115 VUs, 8100 complete and 0 interrupted iterations
auth_traffic   ✓ [ 100% ] 10 VUs       10m0s
public_traffic   [  88% ] 099/100 VUs  14m04.3s/16m00.0s
write_traffic  ✓ [ 100% ] 5 VUs        10m0s

running (14m11.9s), 097/115 VUs, 8114 complete and 0 interrupted iterations
auth_traffic   ✓ [ 100% ] 10 VUs       10m0s
public_traffic   [  88% ] 097/100 VUs  14m05.3s/16m00.0s
write_traffic  ✓ [ 100% ] 5 VUs        10m0s

running (14m12.9s), 097/115 VUs, 8129 complete and 0 interrupted iterations
auth_traffic   ✓ [ 100% ] 10 VUs       10m0s
public_traffic   [  88% ] 097/100 VUs  14m06.3s/16m00.0s
write_traffic  ✓ [ 100% ] 5 VUs        10m0s

running (14m13.9s), 097/115 VUs, 8135 complete and 0 interrupted iterations
auth_traffic   ✓ [ 100% ] 10 VUs       10m0s
public_traffic   [  88% ] 097/100 VUs  14m07.3s/16m00.0s
write_traffic  ✓ [ 100% ] 5 VUs        10m0s

running (14m14.9s), 097/115 VUs, 8146 complete and 0 interrupted iterations
auth_traffic   ✓ [ 100% ] 10 VUs       10m0s
public_traffic   [  88% ] 097/100 VUs  14m08.3s/16m00.0s
write_traffic  ✓ [ 100% ] 5 VUs        10m0s

running (14m15.9s), 097/115 VUs, 8159 complete and 0 interrupted iterations
auth_traffic   ✓ [ 100% ] 10 VUs       10m0s
public_traffic   [  88% ] 097/100 VUs  14m09.3s/16m00.0s
write_traffic  ✓ [ 100% ] 5 VUs        10m0s

running (14m16.9s), 096/115 VUs, 8171 complete and 0 interrupted iterations
auth_traffic   ✓ [ 100% ] 10 VUs       10m0s
public_traffic   [  89% ] 096/100 VUs  14m10.3s/16m00.0s
write_traffic  ✓ [ 100% ] 5 VUs        10m0s

running (14m17.9s), 094/115 VUs, 8188 complete and 0 interrupted iterations
auth_traffic   ✓ [ 100% ] 10 VUs       10m0s
public_traffic   [  89% ] 094/100 VUs  14m11.3s/16m00.0s
write_traffic  ✓ [ 100% ] 5 VUs        10m0s

running (14m18.9s), 092/115 VUs, 8201 complete and 0 interrupted iterations
auth_traffic   ✓ [ 100% ] 10 VUs       10m0s
public_traffic   [  89% ] 092/100 VUs  14m12.3s/16m00.0s
write_traffic  ✓ [ 100% ] 5 VUs        10m0s

running (14m19.9s), 092/115 VUs, 8213 complete and 0 interrupted iterations
auth_traffic   ✓ [ 100% ] 10 VUs       10m0s
public_traffic   [  89% ] 092/100 VUs  14m13.3s/16m00.0s
write_traffic  ✓ [ 100% ] 5 VUs        10m0s

running (14m20.9s), 092/115 VUs, 8227 complete and 0 interrupted iterations
auth_traffic   ✓ [ 100% ] 10 VUs       10m0s
public_traffic   [  89% ] 092/100 VUs  14m14.3s/16m00.0s
write_traffic  ✓ [ 100% ] 5 VUs        10m0s

running (14m21.9s), 091/115 VUs, 8236 complete and 0 interrupted iterations
auth_traffic   ✓ [ 100% ] 10 VUs       10m0s
public_traffic   [  89% ] 091/100 VUs  14m15.3s/16m00.0s
write_traffic  ✓ [ 100% ] 5 VUs        10m0s

running (14m22.9s), 091/115 VUs, 8245 complete and 0 interrupted iterations
auth_traffic   ✓ [ 100% ] 10 VUs       10m0s
public_traffic   [  89% ] 091/100 VUs  14m16.3s/16m00.0s
write_traffic  ✓ [ 100% ] 5 VUs        10m0s

running (14m23.9s), 091/115 VUs, 8257 complete and 0 interrupted iterations
auth_traffic   ✓ [ 100% ] 10 VUs       10m0s
public_traffic   [  89% ] 091/100 VUs  14m17.3s/16m00.0s
write_traffic  ✓ [ 100% ] 5 VUs        10m0s

running (14m24.9s), 090/115 VUs, 8268 complete and 0 interrupted iterations
auth_traffic   ✓ [ 100% ] 10 VUs       10m0s
public_traffic   [  89% ] 090/100 VUs  14m18.3s/16m00.0s
write_traffic  ✓ [ 100% ] 5 VUs        10m0s

running (14m25.9s), 086/115 VUs, 8285 complete and 0 interrupted iterations
auth_traffic   ✓ [ 100% ] 10 VUs       10m0s
public_traffic   [  90% ] 086/100 VUs  14m19.3s/16m00.0s
write_traffic  ✓ [ 100% ] 5 VUs        10m0s

running (14m26.9s), 085/115 VUs, 8295 complete and 0 interrupted iterations
auth_traffic   ✓ [ 100% ] 10 VUs       10m0s
public_traffic   [  90% ] 085/100 VUs  14m20.3s/16m00.0s
write_traffic  ✓ [ 100% ] 5 VUs        10m0s

running (14m27.9s), 085/115 VUs, 8308 complete and 0 interrupted iterations
auth_traffic   ✓ [ 100% ] 10 VUs       10m0s
public_traffic   [  90% ] 085/100 VUs  14m21.3s/16m00.0s
write_traffic  ✓ [ 100% ] 5 VUs        10m0s

running (14m28.9s), 084/115 VUs, 8322 complete and 0 interrupted iterations
auth_traffic   ✓ [ 100% ] 10 VUs       10m0s
public_traffic   [  90% ] 084/100 VUs  14m22.3s/16m00.0s
write_traffic  ✓ [ 100% ] 5 VUs        10m0s

running (14m29.9s), 084/115 VUs, 8331 complete and 0 interrupted iterations
auth_traffic   ✓ [ 100% ] 10 VUs       10m0s
public_traffic   [  90% ] 084/100 VUs  14m23.3s/16m00.0s
write_traffic  ✓ [ 100% ] 5 VUs        10m0s

running (14m30.9s), 083/115 VUs, 8341 complete and 0 interrupted iterations
auth_traffic   ✓ [ 100% ] 10 VUs       10m0s
public_traffic   [  90% ] 083/100 VUs  14m24.3s/16m00.0s
write_traffic  ✓ [ 100% ] 5 VUs        10m0s

running (14m31.9s), 083/115 VUs, 8354 complete and 0 interrupted iterations
auth_traffic   ✓ [ 100% ] 10 VUs       10m0s
public_traffic   [  90% ] 083/100 VUs  14m25.3s/16m00.0s
write_traffic  ✓ [ 100% ] 5 VUs        10m0s

running (14m32.9s), 083/115 VUs, 8364 complete and 0 interrupted iterations
auth_traffic   ✓ [ 100% ] 10 VUs       10m0s
public_traffic   [  90% ] 083/100 VUs  14m26.3s/16m00.0s
write_traffic  ✓ [ 100% ] 5 VUs        10m0s

running (14m33.9s), 081/115 VUs, 8374 complete and 0 interrupted iterations
auth_traffic   ✓ [ 100% ] 10 VUs       10m0s
public_traffic   [  90% ] 081/100 VUs  14m27.3s/16m00.0s
write_traffic  ✓ [ 100% ] 5 VUs        10m0s

running (14m34.9s), 080/115 VUs, 8385 complete and 0 interrupted iterations
auth_traffic   ✓ [ 100% ] 10 VUs       10m0s
public_traffic   [  90% ] 080/100 VUs  14m28.3s/16m00.0s
write_traffic  ✓ [ 100% ] 5 VUs        10m0s

running (14m35.9s), 078/115 VUs, 8400 complete and 0 interrupted iterations
auth_traffic   ✓ [ 100% ] 10 VUs       10m0s
public_traffic   [  91% ] 078/100 VUs  14m29.3s/16m00.0s
write_traffic  ✓ [ 100% ] 5 VUs        10m0s

running (14m36.9s), 078/115 VUs, 8409 complete and 0 interrupted iterations
auth_traffic   ✓ [ 100% ] 10 VUs       10m0s
public_traffic   [  91% ] 078/100 VUs  14m30.3s/16m00.0s
write_traffic  ✓ [ 100% ] 5 VUs        10m0s

running (14m37.9s), 077/115 VUs, 8417 complete and 0 interrupted iterations
auth_traffic   ✓ [ 100% ] 10 VUs       10m0s
public_traffic   [  91% ] 077/100 VUs  14m31.3s/16m00.0s
write_traffic  ✓ [ 100% ] 5 VUs        10m0s

running (14m38.9s), 076/115 VUs, 8428 complete and 0 interrupted iterations
auth_traffic   ✓ [ 100% ] 10 VUs       10m0s
public_traffic   [  91% ] 076/100 VUs  14m32.3s/16m00.0s
write_traffic  ✓ [ 100% ] 5 VUs        10m0s

running (14m39.9s), 076/115 VUs, 8438 complete and 0 interrupted iterations
auth_traffic   ✓ [ 100% ] 10 VUs       10m0s
public_traffic   [  91% ] 076/100 VUs  14m33.3s/16m00.0s
write_traffic  ✓ [ 100% ] 5 VUs        10m0s

running (14m40.9s), 074/115 VUs, 8448 complete and 0 interrupted iterations
auth_traffic   ✓ [ 100% ] 10 VUs       10m0s
public_traffic   [  91% ] 074/100 VUs  14m34.3s/16m00.0s
write_traffic  ✓ [ 100% ] 5 VUs        10m0s

running (14m41.9s), 072/115 VUs, 8458 complete and 0 interrupted iterations
auth_traffic   ✓ [ 100% ] 10 VUs       10m0s
public_traffic   [  91% ] 072/100 VUs  14m35.3s/16m00.0s
write_traffic  ✓ [ 100% ] 5 VUs        10m0s

running (14m42.9s), 072/115 VUs, 8473 complete and 0 interrupted iterations
auth_traffic   ✓ [ 100% ] 10 VUs       10m0s
public_traffic   [  91% ] 072/100 VUs  14m36.3s/16m00.0s
write_traffic  ✓ [ 100% ] 5 VUs        10m0s

running (14m43.9s), 072/115 VUs, 8480 complete and 0 interrupted iterations
auth_traffic   ✓ [ 100% ] 10 VUs       10m0s
public_traffic   [  91% ] 072/100 VUs  14m37.3s/16m00.0s
write_traffic  ✓ [ 100% ] 5 VUs        10m0s

running (14m44.9s), 072/115 VUs, 8486 complete and 0 interrupted iterations
auth_traffic   ✓ [ 100% ] 10 VUs       10m0s
public_traffic   [  91% ] 072/100 VUs  14m38.3s/16m00.0s
write_traffic  ✓ [ 100% ] 5 VUs        10m0s

running (14m45.9s), 069/115 VUs, 8500 complete and 0 interrupted iterations
auth_traffic   ✓ [ 100% ] 10 VUs       10m0s
public_traffic   [  92% ] 069/100 VUs  14m39.3s/16m00.0s
write_traffic  ✓ [ 100% ] 5 VUs        10m0s

running (14m46.9s), 069/115 VUs, 8509 complete and 0 interrupted iterations
auth_traffic   ✓ [ 100% ] 10 VUs       10m0s
public_traffic   [  92% ] 069/100 VUs  14m40.3s/16m00.0s
write_traffic  ✓ [ 100% ] 5 VUs        10m0s

running (14m47.9s), 069/115 VUs, 8519 complete and 0 interrupted iterations
auth_traffic   ✓ [ 100% ] 10 VUs       10m0s
public_traffic   [  92% ] 069/100 VUs  14m41.3s/16m00.0s
write_traffic  ✓ [ 100% ] 5 VUs        10m0s

running (14m48.9s), 068/115 VUs, 8527 complete and 0 interrupted iterations
auth_traffic   ✓ [ 100% ] 10 VUs       10m0s
public_traffic   [  92% ] 068/100 VUs  14m42.3s/16m00.0s
write_traffic  ✓ [ 100% ] 5 VUs        10m0s

running (14m49.9s), 068/115 VUs, 8535 complete and 0 interrupted iterations
auth_traffic   ✓ [ 100% ] 10 VUs       10m0s
public_traffic   [  92% ] 068/100 VUs  14m43.3s/16m00.0s
write_traffic  ✓ [ 100% ] 5 VUs        10m0s

running (14m50.9s), 068/115 VUs, 8546 complete and 0 interrupted iterations
auth_traffic   ✓ [ 100% ] 10 VUs       10m0s
public_traffic   [  92% ] 068/100 VUs  14m44.3s/16m00.0s
write_traffic  ✓ [ 100% ] 5 VUs        10m0s

running (14m51.9s), 066/115 VUs, 8555 complete and 0 interrupted iterations
auth_traffic   ✓ [ 100% ] 10 VUs       10m0s
public_traffic   [  92% ] 066/100 VUs  14m45.3s/16m00.0s
write_traffic  ✓ [ 100% ] 5 VUs        10m0s

running (14m52.9s), 066/115 VUs, 8560 complete and 0 interrupted iterations
auth_traffic   ✓ [ 100% ] 10 VUs       10m0s
public_traffic   [  92% ] 066/100 VUs  14m46.3s/16m00.0s
write_traffic  ✓ [ 100% ] 5 VUs        10m0s

running (14m53.9s), 065/115 VUs, 8574 complete and 0 interrupted iterations
auth_traffic   ✓ [ 100% ] 10 VUs       10m0s
public_traffic   [  92% ] 065/100 VUs  14m47.3s/16m00.0s
write_traffic  ✓ [ 100% ] 5 VUs        10m0s

running (14m54.9s), 063/115 VUs, 8580 complete and 0 interrupted iterations
auth_traffic   ✓ [ 100% ] 10 VUs       10m0s
public_traffic   [  93% ] 063/100 VUs  14m48.3s/16m00.0s
write_traffic  ✓ [ 100% ] 5 VUs        10m0s

running (14m55.9s), 063/115 VUs, 8588 complete and 0 interrupted iterations
auth_traffic   ✓ [ 100% ] 10 VUs       10m0s
public_traffic   [  93% ] 063/100 VUs  14m49.3s/16m00.0s
write_traffic  ✓ [ 100% ] 5 VUs        10m0s

running (14m56.9s), 062/115 VUs, 8597 complete and 0 interrupted iterations
auth_traffic   ✓ [ 100% ] 10 VUs       10m0s
public_traffic   [  93% ] 062/100 VUs  14m50.3s/16m00.0s
write_traffic  ✓ [ 100% ] 5 VUs        10m0s

running (14m57.9s), 062/115 VUs, 8606 complete and 0 interrupted iterations
auth_traffic   ✓ [ 100% ] 10 VUs       10m0s
public_traffic   [  93% ] 062/100 VUs  14m51.3s/16m00.0s
write_traffic  ✓ [ 100% ] 5 VUs        10m0s

running (14m58.9s), 061/115 VUs, 8611 complete and 0 interrupted iterations
auth_traffic   ✓ [ 100% ] 10 VUs       10m0s
public_traffic   [  93% ] 061/100 VUs  14m52.3s/16m00.0s
write_traffic  ✓ [ 100% ] 5 VUs        10m0s

running (14m59.9s), 061/115 VUs, 8616 complete and 0 interrupted iterations
auth_traffic   ✓ [ 100% ] 10 VUs       10m0s
public_traffic   [  93% ] 061/100 VUs  14m53.3s/16m00.0s
write_traffic  ✓ [ 100% ] 5 VUs        10m0s

running (15m00.9s), 060/115 VUs, 8626 complete and 0 interrupted iterations
auth_traffic   ✓ [ 100% ] 10 VUs       10m0s
public_traffic   [  93% ] 060/100 VUs  14m54.3s/16m00.0s
write_traffic  ✓ [ 100% ] 5 VUs        10m0s

running (15m01.9s), 058/115 VUs, 8635 complete and 0 interrupted iterations
auth_traffic   ✓ [ 100% ] 10 VUs       10m0s
public_traffic   [  93% ] 058/100 VUs  14m55.3s/16m00.0s
write_traffic  ✓ [ 100% ] 5 VUs        10m0s

running (15m02.9s), 058/115 VUs, 8644 complete and 0 interrupted iterations
auth_traffic   ✓ [ 100% ] 10 VUs       10m0s
public_traffic   [  93% ] 058/100 VUs  14m56.3s/16m00.0s
write_traffic  ✓ [ 100% ] 5 VUs        10m0s

running (15m03.9s), 055/115 VUs, 8654 complete and 0 interrupted iterations
auth_traffic   ✓ [ 100% ] 10 VUs       10m0s
public_traffic   [  93% ] 055/100 VUs  14m57.3s/16m00.0s
write_traffic  ✓ [ 100% ] 5 VUs        10m0s

running (15m04.9s), 054/115 VUs, 8663 complete and 0 interrupted iterations
auth_traffic   ✓ [ 100% ] 10 VUs       10m0s
public_traffic   [  94% ] 054/100 VUs  14m58.3s/16m00.0s
write_traffic  ✓ [ 100% ] 5 VUs        10m0s

running (15m05.9s), 054/115 VUs, 8666 complete and 0 interrupted iterations
auth_traffic   ✓ [ 100% ] 10 VUs       10m0s
public_traffic   [  94% ] 054/100 VUs  14m59.3s/16m00.0s
write_traffic  ✓ [ 100% ] 5 VUs        10m0s

running (15m06.9s), 054/115 VUs, 8672 complete and 0 interrupted iterations
auth_traffic   ✓ [ 100% ] 10 VUs       10m0s
public_traffic   [  94% ] 054/100 VUs  15m00.3s/16m00.0s
write_traffic  ✓ [ 100% ] 5 VUs        10m0s

running (15m07.9s), 053/115 VUs, 8682 complete and 0 interrupted iterations
auth_traffic   ✓ [ 100% ] 10 VUs       10m0s
public_traffic   [  94% ] 053/100 VUs  15m01.3s/16m00.0s
write_traffic  ✓ [ 100% ] 5 VUs        10m0s

running (15m08.9s), 053/115 VUs, 8691 complete and 0 interrupted iterations
auth_traffic   ✓ [ 100% ] 10 VUs       10m0s
public_traffic   [  94% ] 053/100 VUs  15m02.3s/16m00.0s
write_traffic  ✓ [ 100% ] 5 VUs        10m0s

running (15m09.9s), 051/115 VUs, 8699 complete and 0 interrupted iterations
auth_traffic   ✓ [ 100% ] 10 VUs       10m0s
public_traffic   [  94% ] 051/100 VUs  15m03.3s/16m00.0s
write_traffic  ✓ [ 100% ] 5 VUs        10m0s

running (15m10.9s), 050/115 VUs, 8704 complete and 0 interrupted iterations
auth_traffic   ✓ [ 100% ] 10 VUs       10m0s
public_traffic   [  94% ] 050/100 VUs  15m04.3s/16m00.0s
write_traffic  ✓ [ 100% ] 5 VUs        10m0s

running (15m11.9s), 048/115 VUs, 8712 complete and 0 interrupted iterations
auth_traffic   ✓ [ 100% ] 10 VUs       10m0s
public_traffic   [  94% ] 048/100 VUs  15m05.3s/16m00.0s
write_traffic  ✓ [ 100% ] 5 VUs        10m0s

running (15m12.9s), 047/115 VUs, 8716 complete and 0 interrupted iterations
auth_traffic   ✓ [ 100% ] 10 VUs       10m0s
public_traffic   [  94% ] 047/100 VUs  15m06.3s/16m00.0s
write_traffic  ✓ [ 100% ] 5 VUs        10m0s

running (15m13.9s), 047/115 VUs, 8723 complete and 0 interrupted iterations
auth_traffic   ✓ [ 100% ] 10 VUs       10m0s
public_traffic   [  95% ] 047/100 VUs  15m07.3s/16m00.0s
write_traffic  ✓ [ 100% ] 5 VUs        10m0s

running (15m14.9s), 046/115 VUs, 8732 complete and 0 interrupted iterations
auth_traffic   ✓ [ 100% ] 10 VUs       10m0s
public_traffic   [  95% ] 046/100 VUs  15m08.3s/16m00.0s
write_traffic  ✓ [ 100% ] 5 VUs        10m0s

running (15m15.9s), 046/115 VUs, 8739 complete and 0 interrupted iterations
auth_traffic   ✓ [ 100% ] 10 VUs       10m0s
public_traffic   [  95% ] 046/100 VUs  15m09.3s/16m00.0s
write_traffic  ✓ [ 100% ] 5 VUs        10m0s

running (15m16.9s), 045/115 VUs, 8742 complete and 0 interrupted iterations
auth_traffic   ✓ [ 100% ] 10 VUs       10m0s
public_traffic   [  95% ] 045/100 VUs  15m10.3s/16m00.0s
write_traffic  ✓ [ 100% ] 5 VUs        10m0s

running (15m17.9s), 043/115 VUs, 8754 complete and 0 interrupted iterations
auth_traffic   ✓ [ 100% ] 10 VUs       10m0s
public_traffic   [  95% ] 043/100 VUs  15m11.3s/16m00.0s
write_traffic  ✓ [ 100% ] 5 VUs        10m0s

running (15m18.9s), 043/115 VUs, 8757 complete and 0 interrupted iterations
auth_traffic   ✓ [ 100% ] 10 VUs       10m0s
public_traffic   [  95% ] 043/100 VUs  15m12.3s/16m00.0s
write_traffic  ✓ [ 100% ] 5 VUs        10m0s

running (15m19.9s), 043/115 VUs, 8762 complete and 0 interrupted iterations
auth_traffic   ✓ [ 100% ] 10 VUs       10m0s
public_traffic   [  95% ] 043/100 VUs  15m13.3s/16m00.0s
write_traffic  ✓ [ 100% ] 5 VUs        10m0s

running (15m20.9s), 043/115 VUs, 8768 complete and 0 interrupted iterations
auth_traffic   ✓ [ 100% ] 10 VUs       10m0s
public_traffic   [  95% ] 043/100 VUs  15m14.3s/16m00.0s
write_traffic  ✓ [ 100% ] 5 VUs        10m0s

running (15m21.9s), 041/115 VUs, 8772 complete and 0 interrupted iterations
auth_traffic   ✓ [ 100% ] 10 VUs       10m0s
public_traffic   [  95% ] 041/100 VUs  15m15.3s/16m00.0s
write_traffic  ✓ [ 100% ] 5 VUs        10m0s

running (15m22.9s), 039/115 VUs, 8778 complete and 0 interrupted iterations
auth_traffic   ✓ [ 100% ] 10 VUs       10m0s
public_traffic   [  95% ] 039/100 VUs  15m16.3s/16m00.0s
write_traffic  ✓ [ 100% ] 5 VUs        10m0s

running (15m23.9s), 039/115 VUs, 8786 complete and 0 interrupted iterations
auth_traffic   ✓ [ 100% ] 10 VUs       10m0s
public_traffic   [  96% ] 039/100 VUs  15m17.3s/16m00.0s
write_traffic  ✓ [ 100% ] 5 VUs        10m0s

running (15m24.9s), 038/115 VUs, 8791 complete and 0 interrupted iterations
auth_traffic   ✓ [ 100% ] 10 VUs       10m0s
public_traffic   [  96% ] 038/100 VUs  15m18.3s/16m00.0s
write_traffic  ✓ [ 100% ] 5 VUs        10m0s

running (15m25.9s), 038/115 VUs, 8795 complete and 0 interrupted iterations
auth_traffic   ✓ [ 100% ] 10 VUs       10m0s
public_traffic   [  96% ] 038/100 VUs  15m19.3s/16m00.0s
write_traffic  ✓ [ 100% ] 5 VUs        10m0s

running (15m26.9s), 037/115 VUs, 8804 complete and 0 interrupted iterations
auth_traffic   ✓ [ 100% ] 10 VUs       10m0s
public_traffic   [  96% ] 037/100 VUs  15m20.3s/16m00.0s
write_traffic  ✓ [ 100% ] 5 VUs        10m0s

running (15m27.9s), 037/115 VUs, 8805 complete and 0 interrupted iterations
auth_traffic   ✓ [ 100% ] 10 VUs       10m0s
public_traffic   [  96% ] 037/100 VUs  15m21.3s/16m00.0s
write_traffic  ✓ [ 100% ] 5 VUs        10m0s

running (15m28.9s), 034/115 VUs, 8810 complete and 0 interrupted iterations
auth_traffic   ✓ [ 100% ] 10 VUs       10m0s
public_traffic   [  96% ] 034/100 VUs  15m22.3s/16m00.0s
write_traffic  ✓ [ 100% ] 5 VUs        10m0s

running (15m29.9s), 034/115 VUs, 8816 complete and 0 interrupted iterations
auth_traffic   ✓ [ 100% ] 10 VUs       10m0s
public_traffic   [  96% ] 034/100 VUs  15m23.3s/16m00.0s
write_traffic  ✓ [ 100% ] 5 VUs        10m0s

running (15m30.9s), 034/115 VUs, 8819 complete and 0 interrupted iterations
auth_traffic   ✓ [ 100% ] 10 VUs       10m0s
public_traffic   [  96% ] 034/100 VUs  15m24.3s/16m00.0s
write_traffic  ✓ [ 100% ] 5 VUs        10m0s

running (15m31.9s), 033/115 VUs, 8826 complete and 0 interrupted iterations
auth_traffic   ✓ [ 100% ] 10 VUs       10m0s
public_traffic   [  96% ] 033/100 VUs  15m25.3s/16m00.0s
write_traffic  ✓ [ 100% ] 5 VUs        10m0s

running (15m32.9s), 032/115 VUs, 8830 complete and 0 interrupted iterations
auth_traffic   ✓ [ 100% ] 10 VUs       10m0s
public_traffic   [  96% ] 032/100 VUs  15m26.3s/16m00.0s
write_traffic  ✓ [ 100% ] 5 VUs        10m0s

running (15m33.9s), 030/115 VUs, 8839 complete and 0 interrupted iterations
auth_traffic   ✓ [ 100% ] 10 VUs       10m0s
public_traffic   [  97% ] 030/100 VUs  15m27.3s/16m00.0s
write_traffic  ✓ [ 100% ] 5 VUs        10m0s

running (15m34.9s), 030/115 VUs, 8842 complete and 0 interrupted iterations
auth_traffic   ✓ [ 100% ] 10 VUs       10m0s
public_traffic   [  97% ] 030/100 VUs  15m28.3s/16m00.0s
write_traffic  ✓ [ 100% ] 5 VUs        10m0s

running (15m35.9s), 030/115 VUs, 8844 complete and 0 interrupted iterations
auth_traffic   ✓ [ 100% ] 10 VUs       10m0s
public_traffic   [  97% ] 030/100 VUs  15m29.3s/16m00.0s
write_traffic  ✓ [ 100% ] 5 VUs        10m0s

running (15m36.9s), 029/115 VUs, 8847 complete and 0 interrupted iterations
auth_traffic   ✓ [ 100% ] 10 VUs       10m0s
public_traffic   [  97% ] 029/100 VUs  15m30.3s/16m00.0s
write_traffic  ✓ [ 100% ] 5 VUs        10m0s

running (15m37.9s), 027/115 VUs, 8852 complete and 0 interrupted iterations
auth_traffic   ✓ [ 100% ] 10 VUs       10m0s
public_traffic   [  97% ] 027/100 VUs  15m31.3s/16m00.0s
write_traffic  ✓ [ 100% ] 5 VUs        10m0s

running (15m38.9s), 027/115 VUs, 8854 complete and 0 interrupted iterations
auth_traffic   ✓ [ 100% ] 10 VUs       10m0s
public_traffic   [  97% ] 027/100 VUs  15m32.3s/16m00.0s
write_traffic  ✓ [ 100% ] 5 VUs        10m0s

running (15m39.9s), 025/115 VUs, 8860 complete and 0 interrupted iterations
auth_traffic   ✓ [ 100% ] 10 VUs       10m0s
public_traffic   [  97% ] 025/100 VUs  15m33.3s/16m00.0s
write_traffic  ✓ [ 100% ] 5 VUs        10m0s

running (15m40.9s), 025/115 VUs, 8866 complete and 0 interrupted iterations
auth_traffic   ✓ [ 100% ] 10 VUs       10m0s
public_traffic   [  97% ] 025/100 VUs  15m34.3s/16m00.0s
write_traffic  ✓ [ 100% ] 5 VUs        10m0s

running (15m41.9s), 025/115 VUs, 8870 complete and 0 interrupted iterations
auth_traffic   ✓ [ 100% ] 10 VUs       10m0s
public_traffic   [  97% ] 025/100 VUs  15m35.3s/16m00.0s
write_traffic  ✓ [ 100% ] 5 VUs        10m0s

running (15m42.9s), 025/115 VUs, 8873 complete and 0 interrupted iterations
auth_traffic   ✓ [ 100% ] 10 VUs       10m0s
public_traffic   [  98% ] 025/100 VUs  15m36.3s/16m00.0s
write_traffic  ✓ [ 100% ] 5 VUs        10m0s

running (15m43.9s), 025/115 VUs, 8875 complete and 0 interrupted iterations
auth_traffic   ✓ [ 100% ] 10 VUs       10m0s
public_traffic   [  98% ] 025/100 VUs  15m37.3s/16m00.0s
write_traffic  ✓ [ 100% ] 5 VUs        10m0s

running (15m44.9s), 023/115 VUs, 8877 complete and 0 interrupted iterations
auth_traffic   ✓ [ 100% ] 10 VUs       10m0s
public_traffic   [  98% ] 023/100 VUs  15m38.3s/16m00.0s
write_traffic  ✓ [ 100% ] 5 VUs        10m0s

running (15m45.9s), 022/115 VUs, 8879 complete and 0 interrupted iterations
auth_traffic   ✓ [ 100% ] 10 VUs       10m0s
public_traffic   [  98% ] 022/100 VUs  15m39.3s/16m00.0s
write_traffic  ✓ [ 100% ] 5 VUs        10m0s

running (15m46.9s), 021/115 VUs, 8881 complete and 0 interrupted iterations
auth_traffic   ✓ [ 100% ] 10 VUs       10m0s
public_traffic   [  98% ] 021/100 VUs  15m40.3s/16m00.0s
write_traffic  ✓ [ 100% ] 5 VUs        10m0s

running (15m47.9s), 020/115 VUs, 8887 complete and 0 interrupted iterations
auth_traffic   ✓ [ 100% ] 10 VUs       10m0s
public_traffic   [  98% ] 020/100 VUs  15m41.4s/16m00.0s
write_traffic  ✓ [ 100% ] 5 VUs        10m0s

running (15m48.9s), 019/115 VUs, 8892 complete and 0 interrupted iterations
auth_traffic   ✓ [ 100% ] 10 VUs       10m0s
public_traffic   [  98% ] 019/100 VUs  15m42.3s/16m00.0s
write_traffic  ✓ [ 100% ] 5 VUs        10m0s

running (15m49.9s), 017/115 VUs, 8895 complete and 0 interrupted iterations
auth_traffic   ✓ [ 100% ] 10 VUs       10m0s
public_traffic   [  98% ] 017/100 VUs  15m43.3s/16m00.0s
write_traffic  ✓ [ 100% ] 5 VUs        10m0s

running (15m50.9s), 016/115 VUs, 8897 complete and 0 interrupted iterations
auth_traffic   ✓ [ 100% ] 10 VUs       10m0s
public_traffic   [  98% ] 016/100 VUs  15m44.3s/16m00.0s
write_traffic  ✓ [ 100% ] 5 VUs        10m0s

running (15m51.9s), 016/115 VUs, 8899 complete and 0 interrupted iterations
auth_traffic   ✓ [ 100% ] 10 VUs       10m0s
public_traffic   [  98% ] 016/100 VUs  15m45.3s/16m00.0s
write_traffic  ✓ [ 100% ] 5 VUs        10m0s

running (15m52.9s), 014/115 VUs, 8902 complete and 0 interrupted iterations
auth_traffic   ✓ [ 100% ] 10 VUs       10m0s
public_traffic   [  99% ] 014/100 VUs  15m46.3s/16m00.0s
write_traffic  ✓ [ 100% ] 5 VUs        10m0s

running (15m53.9s), 014/115 VUs, 8902 complete and 0 interrupted iterations
auth_traffic   ✓ [ 100% ] 10 VUs       10m0s
public_traffic   [  99% ] 014/100 VUs  15m47.3s/16m00.0s
write_traffic  ✓ [ 100% ] 5 VUs        10m0s

running (15m54.9s), 014/115 VUs, 8904 complete and 0 interrupted iterations
auth_traffic   ✓ [ 100% ] 10 VUs       10m0s
public_traffic   [  99% ] 014/100 VUs  15m48.3s/16m00.0s
write_traffic  ✓ [ 100% ] 5 VUs        10m0s

running (15m55.9s), 012/115 VUs, 8907 complete and 0 interrupted iterations
auth_traffic   ✓ [ 100% ] 10 VUs       10m0s
public_traffic   [  99% ] 012/100 VUs  15m49.3s/16m00.0s
write_traffic  ✓ [ 100% ] 5 VUs        10m0s

running (15m56.9s), 012/115 VUs, 8909 complete and 0 interrupted iterations
auth_traffic   ✓ [ 100% ] 10 VUs       10m0s
public_traffic   [  99% ] 012/100 VUs  15m50.3s/16m00.0s
write_traffic  ✓ [ 100% ] 5 VUs        10m0s

running (15m57.9s), 011/115 VUs, 8912 complete and 0 interrupted iterations
auth_traffic   ✓ [ 100% ] 10 VUs       10m0s
public_traffic   [  99% ] 011/100 VUs  15m51.3s/16m00.0s
write_traffic  ✓ [ 100% ] 5 VUs        10m0s

running (15m58.9s), 009/115 VUs, 8914 complete and 0 interrupted iterations
auth_traffic   ✓ [ 100% ] 10 VUs       10m0s
public_traffic   [  99% ] 009/100 VUs  15m52.3s/16m00.0s
write_traffic  ✓ [ 100% ] 5 VUs        10m0s

running (15m59.9s), 009/115 VUs, 8916 complete and 0 interrupted iterations
auth_traffic   ✓ [ 100% ] 10 VUs       10m0s
public_traffic   [  99% ] 009/100 VUs  15m53.3s/16m00.0s
write_traffic  ✓ [ 100% ] 5 VUs        10m0s

running (16m00.9s), 009/115 VUs, 8916 complete and 0 interrupted iterations
auth_traffic   ✓ [ 100% ] 10 VUs       10m0s
public_traffic   [  99% ] 009/100 VUs  15m54.3s/16m00.0s
write_traffic  ✓ [ 100% ] 5 VUs        10m0s

running (16m01.9s), 009/115 VUs, 8917 complete and 0 interrupted iterations
auth_traffic   ✓ [ 100% ] 10 VUs       10m0s
public_traffic   [ 100% ] 009/100 VUs  15m55.3s/16m00.0s
write_traffic  ✓ [ 100% ] 5 VUs        10m0s

running (16m02.9s), 009/115 VUs, 8917 complete and 0 interrupted iterations
auth_traffic   ✓ [ 100% ] 10 VUs       10m0s
public_traffic   [ 100% ] 009/100 VUs  15m56.3s/16m00.0s
write_traffic  ✓ [ 100% ] 5 VUs        10m0s

running (16m03.9s), 008/115 VUs, 8919 complete and 0 interrupted iterations
auth_traffic   ✓ [ 100% ] 10 VUs       10m0s
public_traffic   [ 100% ] 008/100 VUs  15m57.3s/16m00.0s
write_traffic  ✓ [ 100% ] 5 VUs        10m0s

running (16m04.9s), 006/115 VUs, 8921 complete and 0 interrupted iterations
auth_traffic   ✓ [ 100% ] 10 VUs       10m0s
public_traffic   [ 100% ] 006/100 VUs  15m58.3s/16m00.0s
write_traffic  ✓ [ 100% ] 5 VUs        10m0s

running (16m05.9s), 004/115 VUs, 8924 complete and 0 interrupted iterations
auth_traffic   ✓ [ 100% ] 10 VUs       10m0s
public_traffic   [ 100% ] 004/100 VUs  15m59.3s/16m00.0s
write_traffic  ✓ [ 100% ] 5 VUs        10m0s

running (16m06.9s), 004/115 VUs, 8924 complete and 0 interrupted iterations
auth_traffic   ✓ [ 100% ] 10 VUs       10m0s
public_traffic ↓ [ 100% ] 004/100 VUs  16m0s
write_traffic  ✓ [ 100% ] 5 VUs        10m0s

running (16m07.9s), 004/115 VUs, 8924 complete and 0 interrupted iterations
auth_traffic   ✓ [ 100% ] 10 VUs       10m0s
public_traffic ↓ [ 100% ] 004/100 VUs  16m0s
write_traffic  ✓ [ 100% ] 5 VUs        10m0s

running (16m08.9s), 003/115 VUs, 8925 complete and 0 interrupted iterations
auth_traffic   ✓ [ 100% ] 10 VUs       10m0s
public_traffic ↓ [ 100% ] 004/100 VUs  16m0s
write_traffic  ✓ [ 100% ] 5 VUs        10m0s

running (16m09.9s), 003/115 VUs, 8925 complete and 0 interrupted iterations
auth_traffic   ✓ [ 100% ] 10 VUs       10m0s
public_traffic ↓ [ 100% ] 004/100 VUs  16m0s
write_traffic  ✓ [ 100% ] 5 VUs        10m0s

running (16m10.9s), 002/115 VUs, 8926 complete and 0 interrupted iterations
auth_traffic   ✓ [ 100% ] 10 VUs       10m0s
public_traffic ↓ [ 100% ] 004/100 VUs  16m0s
write_traffic  ✓ [ 100% ] 5 VUs        10m0s

running (16m11.9s), 002/115 VUs, 8926 complete and 0 interrupted iterations
auth_traffic   ✓ [ 100% ] 10 VUs       10m0s
public_traffic ↓ [ 100% ] 004/100 VUs  16m0s
write_traffic  ✓ [ 100% ] 5 VUs        10m0s

running (16m12.9s), 001/115 VUs, 8927 complete and 0 interrupted iterations
auth_traffic   ✓ [ 100% ] 10 VUs       10m0s
public_traffic ↓ [ 100% ] 004/100 VUs  16m0s
write_traffic  ✓ [ 100% ] 5 VUs        10m0s

running (16m13.9s), 001/115 VUs, 8927 complete and 0 interrupted iterations
auth_traffic   ✓ [ 100% ] 10 VUs       10m0s
public_traffic ↓ [ 100% ] 004/100 VUs  16m0s
write_traffic  ✓ [ 100% ] 5 VUs        10m0s
time="2026-09-18T12:05:08+05:00" level=info msg="Baseline test completed" source=console


  █ THRESHOLDS 

    http_req_duration
    ✗ 'p(95)<500' p(95)=654.91ms
    ✗ 'p(99)<1000' p(99)=1.53s

    http_req_failed
    ✓ 'rate<0.05' rate=0.00%


  █ TOTAL RESULTS 

    checks_total.......: 77916  79.952778/s
    checks_succeeded...: 99.26% 77340 out of 77916
    checks_failed......: 0.73%  576 out of 77916

    ✗ login status 200
      ↳  99% — ✓ 1158 / ✗ 1
    ✗ login has token
      ↳  99% — ✓ 1158 / ✗ 1
    ✓ citizen login status 200
    ✓ citizen login has token
    ✓ crime types status 200
    ✓ crime types has data
    ✗ report status 201
      ↳  99% — ✓ 261 / ✗ 2
    ✗ report success
      ↳  99% — ✓ 261 / ✗ 2
    ✓ zones status 200
    ✓ crimes status 200
    ✗ crimes response time < 500ms
      ↳  92% — ✓ 6937 / ✗ 570
    ✓ summary status 200
    ✓ summary has total zones
    ✓ type distribution status 200
    ✓ zone counts status 200
    ✓ trend status 200

    HTTP
    http_req_duration..............: avg=150.54ms min=0s    med=25.16ms max=6.27s  p(90)=407.55ms p(95)=654.91ms
      { expected_response:true }...: avg=150.54ms min=0s    med=25.16ms max=6.27s  p(90)=407.49ms p(95)=654.95ms
    http_req_failed................: 0.00%  3 out of 53972
    http_reqs......................: 53972  55.382865/s

    EXECUTION
    iteration_duration.............: avg=8.1s     min=2.32s med=8.08s   max=18.01s p(90)=10.13s   p(95)=11.33s  
    iterations.....................: 8928   9.161384/s
    vus............................: 1      min=0          max=115
    vus_max........................: 115    min=115        max=115

    NETWORK
    data_received..................: 79 MB  81 kB/s
    data_sent......................: 5.7 MB 5.9 kB/s




running (16m14.5s), 000/115 VUs, 8928 complete and 0 interrupted iterations
auth_traffic   ✓ [ 100% ] 10 VUs       10m0s
public_traffic ✓ [ 100% ] 000/100 VUs  16m0s
write_traffic  ✓ [ 100% ] 5 VUs        10m0s
time="2026-09-18T12:05:08+05:00" level=error msg="thresholds on metrics 'http_req_duration' have been crossed"
== BASELINE end: 2026-09-18 12:05:08 PST, exit=99
